Name,Team,PA,IP,Bat WAR,Pit WAR,Total WAR,PlayerId
"Fernando Tatis Jr.","SDP",257,,3.3143973350524902,,3.3143973350524902,19709
"Shane Bieber","CLE",,77.3333,0,3.149900197982788,3.149900197982788,19427
"José Ramírez","CLE",254,,3.109814167022705,,3.109814167022705,13510
"Freddie Freeman","ATL",262,,2.976278781890869,,2.976278781890869,5361
"Yu Darvish","CHC",,76,0,2.9319517612457275,2.9319517612457275,13074
"José Abreu","CHW",262,,2.9104604721069336,,2.9104604721069336,15676
"Trea Turner","WSN",259,,2.7668914794921875,,2.7668914794921875,16252
"Mookie Betts","LAD",246,,2.7400670051574707,,2.7400670051574707,13611
"Manny Machado","SDP",254,,2.656360626220703,,2.656360626220703,11493
"Marcell Ozuna","ATL",267,,2.6459481716156006,,2.6459481716156006,10324
"Jacob deGrom","NYM",,68,0,2.6021909713745117,2.6021909713745117,10954
"Trevor Bauer","CIN",,73,0,2.5622899532318115,2.5622899532318115,12703
"Anthony Rendon","LAA",232,,2.519747018814087,,2.519747018814087,12861
"Juan Soto","WSN",196,,2.496229887008667,,2.496229887008667,20123
"Dinelson Lamet","SDP",,69,0,2.4591457843780518,2.4591457843780518,17186
"Luis Castillo","CIN",,70,0,2.4443323612213135,2.4443323612213135,15689
"Corbin Burnes","MIL",,59.6666,0,2.4230356216430664,2.4230356216430664,19361
"Trent Grisham","SDP",252,,2.361510992050171,,2.361510992050171,18564
"Mike Trout","LAA",241,,2.3549911975860596,,2.3549911975860596,10155
"Germán Márquez","COL",,81.6666,0,2.3201704025268555,2.3201704025268555,15038
"DJ LeMahieu","NYY",216,,2.316079616546631,,2.316079616546631,9874
"Corey Seager","LAD",232,,2.312485694885254,,2.312485694885254,13624
"Tim Anderson","CHW",221,,2.2978086471557617,,2.2978086471557617,15172
"Wil Myers","SDP",218,,2.2124032974243164,,2.2124032974243164,10047
"Ronald Acuña Jr.","ATL",202,,2.1880624294281006,,2.1880624294281006,18401
"Zack Greinke","HOU",,67,0,2.1563847064971924,2.1563847064971924,1943
"Brandon Lowe","TBR",224,,2.1518726348876953,,2.1518726348876953,18882
"Kyle Lewis","SEA",242,,2.0721075534820557,,2.0721075534820557,19508
"Dylan Bundy","LAA",,65.6666,0,2.0594019889831543,2.0594019889831543,12917
"Paul Goldschmidt","STL",231,,2.058408737182617,,2.058408737182617,9218
"Dansby Swanson","ATL",264,,2.055907964706421,,2.055907964706421,18314
"Kenta Maeda","MIN",,66.6666,0,2.0547993183135986,2.0547993183135986,18498
"Brandon Woodruff","MIL",,73.6666,0,2.0510761737823486,2.0510761737823486,16162
"Lucas Giolito","CHW",,72.3333,0,2.034806251525879,2.034806251525879,15474
"Salvador Perez","KCR",156,,2.0190317630767822,,2.0190317630767822,7304
"Framber Valdez","HOU",,70.6666,0,2.011889696121216,2.011889696121216,17295
"Trevor Story","COL",259,,1.9754260778427124,,1.9754260778427124,12564
"Ian Happ","CHC",231,,1.9689500331878662,,1.9689500331878662,17919
"George Springer","HOU",222,,1.965889811515808,,1.965889811515808,12856
"Aaron Nola","PHI",,71.3333,0,1.9652925729751587,1.9652925729751587,16149
"Marco Gonzales","SEA",,69.6666,0,1.9504609107971191,1.9504609107971191,15467
"Nelson Cruz","MIN",214,,1.9445093870162964,,1.9445093870162964,2434
"Zack Wheeler","PHI",,71,0,1.9345989227294922,1.9345989227294922,10310
"Michael Conforto","NYM",233,,1.9222699403762817,,1.9222699403762817,16376
"Jake Cronenworth","SDP",192,,1.9089428186416626,,1.9089428186416626,18036
"Travis d'Arnaud","ATL",184,,1.9032760858535767,,1.9032760858535767,7739
"Hyun Jin Ryu","TOR",,67,0,1.8950508832931519,1.8950508832931519,14444
"Brandon Belt","SFG",179,,1.8937864303588867,,1.8937864303588867,10264
"Ke'Bryan Hayes","PIT",95,,1.8892130851745605,,1.8892130851745605,18577
"Kyle Hendricks","CHC",,81.3333,0,1.8876447677612305,1.8876447677612305,12049
"Mike Yastrzemski","SFG",225,,1.8837429285049438,,1.8837429285049438,14854
"Tony Gonsolin","LAD",,46.6666,0,1.8673911094665527,1.8673911094665527,19388
"J.T. Realmuto","PHI",195,,1.8547509908676147,,1.8547509908676147,11739
"César Hernández","CLE",261,,1.851616382598877,,1.851616382598877,10556
"Francisco Lindor","CLE",266,,1.8479955196380615,,1.8479955196380615,12916
"Dallas Keuchel","CHW",,63.3333,0,1.836523175239563,1.836523175239563,9434
"Max Scherzer","WSN",,67.3333,0,1.8358960151672363,1.8358960151672363,3137
"Bryce Harper","PHI",244,,1.8353705406188965,,1.8353705406188965,11579
"Jeimer Candelario","DET",206,,1.8241926431655884,,1.8241926431655884,13621
"Kyle Tucker","HOU",228,,1.8196388483047485,,1.8196388483047485,18345
"Brandon Nimmo","NYM",225,,1.7853378057479858,,1.7853378057479858,12927
"Austin Nola","- - -",184,,1.783061444759369,,1.783061444759369,15941
"Kyle Seager","SEA",248,,1.7620854377746582,,1.7620854377746582,9785
"Sonny Gray","CIN",,56,0,1.7345962524414062,1.7345962524414062,12768
"Chris Taylor","LAD",214,,1.7005743980407715,,1.7005743980407715,13757
"Willson Contreras","CHC",225,,1.6788674592971802,,1.6788674592971802,11609
"Whit Merrifield","KCR",265,,1.6512436866760254,,1.6512436866760254,11281
"Pablo López","MIA",,57.3333,0,1.6423488855361938,1.6423488855361938,17085
"Rick Porcello","NYM",,59,0,1.63831627368927,1.63831627368927,2717
"Jason Heyward","CHC",181,,1.631865382194519,,1.631865382194519,4940
"Jose Iglesias","BAL",150,,1.6141668558120728,,1.6141668558120728,10231
"Brian Anderson","MIA",229,,1.6057865619659424,,1.6057865619659424,18289
"Yasmani Grandal","CHW",194,,1.6054872274398804,,1.6054872274398804,11368
"Cody Bellinger","LAD",243,,1.5946041345596313,,1.5946041345596313,15998
"Xander Bogaerts","BOS",225,,1.5922722816467285,,1.5922722816467285,12161
"Kevin Gausman","SFG",,59.6666,0,1.577816367149353,1.577816367149353,14107
"Jackie Bradley Jr.","BOS",217,,1.5692634582519531,,1.5692634582519531,12984
"Sean Murphy","OAK",140,,1.568221092224121,,1.568221092224121,19352
"Alex Verdugo","BOS",221,,1.562626600265503,,1.562626600265503,17027
"Justus Sheffield","SEA",,55.3333,0,1.5555323362350464,1.5555323362350464,17285
"Brandon Crawford","SFG",193,,1.5410453081130981,,1.5410453081130981,5343
"Jonathan Schoop","DET",177,,1.5170722007751465,,1.5170722007751465,11265
"Max Fried","ATL",,56,0,1.5168519020080566,1.5168519020080566,13743
"Robbie Grossman","OAK",192,,1.5082356929779053,,1.5082356929779053,5254
"Nick Ahmed","ARI",217,,1.501297950744629,,1.501297950744629,12147
"Zach Eflin","PHI",,59,0,1.493032455444336,1.493032455444336,13774
"Mark Canha","OAK",243,,1.490393877029419,,1.490393877029419,11445
"Eloy Jiménez","CHW",226,,1.4800204038619995,,1.4800204038619995,17484
"Andrew Heaney","LAA",,66.6666,0,1.4756951332092285,1.4756951332092285,15423
"Carlos Carrasco","CLE",,68,0,1.4658983945846558,1.4658983945846558,6632
"Zach Plesac","CLE",,55.3333,0,1.462458848953247,1.462458848953247,19979
"Teoscar Hernández","TOR",207,,1.4534692764282227,,1.4534692764282227,13066
"James McCann","CHW",111,,1.4431309700012207,,1.4431309700012207,12859
"Lance Lynn","TEX",,84,0,1.4411925077438354,1.4411925077438354,2520
"J.P. Crawford","SEA",232,,1.4341422319412231,,1.4341422319412231,15491
"Clayton Kershaw","LAD",,58.3333,0,1.4307923316955566,1.4307923316955566,2036
"Robinson Canó","NYM",182,,1.4284803867340088,,1.4284803867340088,3269
"Zac Gallen","ARI",,72,0,1.420343279838562,1.420343279838562,19291
"Gerrit Cole","NYY",,73,0,1.40753173828125,1.40753173828125,13125
"Luke Voit","NYY",234,,1.403224229812622,,1.403224229812622,14811
"Liam Hendriks","OAK",,25.3333,0,1.3998442888259888,1.3998442888259888,3548
"Miguel Rojas","MIA",143,,1.3964691162109375,,1.3964691162109375,7802
"Kevin Kiermaier","TBR",159,,1.388978123664856,,1.388978123664856,11038
"Devin Williams","MIL",,27,0,1.3839285373687744,1.3839285373687744,15816
"Dominic Smith","NYM",199,,1.3774203062057495,,1.3774203062057495,15653
"Zach Davies","SDP",,69.3333,0,1.3737835884094238,1.3737835884094238,13183
"Cavan Biggio","TOR",265,,1.3717436790466309,,1.3717436790466309,19252
"Kole Calhoun","ARI",228,,1.3577450513839722,,1.3577450513839722,11200
"David Fletcher","LAA",230,,1.3559752702713013,,1.3559752702713013,17992
"Clint Frazier","NYY",160,,1.3506752252578735,,1.3506752252578735,15983
"Mike Brosseau","TBR",98,0.3333,1.3328081369400024,0.013673697598278522,1.346481834538281,19683
"Luis Robert Jr.","CHW",227,,1.3462696075439453,,1.3462696075439453,20043
"Justin Turner","LAD",175,,1.3440486192703247,,1.3440486192703247,5235
"Jeff McNeil","NYM",209,,1.3350803852081299,,1.3350803852081299,15362
"Adalberto Mondesi","KCR",233,,1.3209532499313354,,1.3209532499313354,13769
"Spencer Turnbull","DET",,56.6666,0,1.3092814683914185,1.3092814683914185,16207
"Alec Bohm","PHI",180,,1.3087009191513062,,1.3087009191513062,21618
"Jesse Winker","CIN",183,,1.3034844398498535,,1.3034844398498535,13590
"Tommy La Stella","- - -",228,,1.2935072183609009,,1.2935072183609009,12371
"Chris Bassitt","OAK",,63,0,1.2883073091506958,1.2883073091506958,12304
"Byron Buxton","MIN",135,,1.2874839305877686,,1.2874839305877686,14161
"Starling Marte","- - -",250,,1.2863120138645172,,1.2863120138645172,9241
"Julio Urías","LAD",,55,0,1.2849575281143188,1.2849575281143188,14765
"Jean Segura","PHI",217,,1.2817093133926392,,1.2817093133926392,5933
"Anthony Santander","BAL",165,,1.272733211517334,,1.272733211517334,14551
"Brad Keller","KCR",,54.6666,0,1.2700746059417725,1.2700746059417725,15734
"Christian Vázquez","BOS",189,,1.2650481462478638,,1.2650481462478638,9774
"Lourdes Gurriel Jr.","TOR",224,,1.2631473541259766,,1.2631473541259766,19238
"Alex Bregman","HOU",180,,1.2519776821136475,,1.2519776821136475,17678
"Dylan Moore","SEA",159,,1.2420693635940552,,1.2420693635940552,18042
"Andrés Giménez","NYM",132,,1.2221922874450684,,1.2221922874450684,19950
"Willi Castro","DET",140,,1.2071396112442017,,1.2071396112442017,17338
"Patrick Corbin","WSN",,65.6666,0,1.1943671703338623,1.1943671703338623,9323
"Max Kepler","MIN",196,,1.18572199344635,,1.18572199344635,12144
"Aaron Civale","CLE",,74,0,1.1630048751831055,1.1630048751831055,19479
"Gio Urshela","NYY",174,,1.158398151397705,,1.158398151397705,10681
"Max Stassi","LAA",105,,1.157578468322754,,1.157578468322754,10059
"AJ Pollock","LAD",210,,1.155833125114441,,1.155833125114441,9256
"Willy Adames","TBR",205,,1.1514047384262085,,1.1514047384262085,15986
"Carlos Correa","HOU",221,,1.1506080627441406,,1.1506080627441406,14162
"Alex Dickerson","SFG",170,,1.1465243101119995,,1.1465243101119995,12649
"Michael Brantley","HOU",187,,1.1463005542755127,,1.1463005542755127,4106
"Raisel Iglesias","CIN",,23,0,1.1398264169692993,1.1398264169692993,17130
"Tyler Glasnow","TBR",,57.3333,0,1.1396031379699707,1.1396031379699707,14374
"Lance McCullers Jr.","HOU",,55,0,1.136521816253662,1.136521816253662,14120
"Ramón Laureano","OAK",222,,1.1304932832717896,,1.1304932832717896,17128
"Joey Wendle","TBR",184,,1.1201196908950806,,1.1201196908950806,13853
"Eugenio Suárez","CIN",231,,1.1200908422470093,,1.1200908422470093,12552
"Yusei Kikuchi","SEA",,47,0,1.10468327999115,1.10468327999115,20633
"Brad Hand","CLE",,22,0,1.1040483713150024,1.1040483713150024,9111
"Antonio Senzatela","COL",,73.3333,0,1.1000311374664307,1.1000311374664307,15488
"Kolten Wong","STL",208,,1.0972596406936646,,1.0972596406936646,12532
"James Karinchak","CLE",,27,0,1.0968754291534424,1.0968754291534424,20151
"Michael Pineda","MIN",,26.6666,0,1.0902060270309448,1.0902060270309448,5372
"Tyler Mahle","CIN",,47.6666,0,1.0844064950942993,1.0844064950942993,16358
"Matt Chapman","OAK",152,,1.0789769887924194,,1.0789769887924194,16505
"Ian Anderson","ATL",,32.3333,0,1.0756510496139526,1.0756510496139526,19951
"Sean Manaea","OAK",,54,0,1.0693432092666626,1.0693432092666626,15873
"Wilmer Flores","SFG",213,,1.0648815631866455,,1.0648815631866455,5827
"Maikel Franco","KCR",243,,1.0561786890029907,,1.0561786890029907,12179
"Will Smith","LAD",137,,1.05608069896698,,1.05608069896698,19197
"José Berríos","MIN",,63,0,1.0553709268569946,1.0553709268569946,14168
"Isiah Kiner-Falefa","TEX",228,,1.044646143913269,,1.044646143913269,16512
"Brady Singer","KCR",,64.3333,0,1.0308717489242554,1.0308717489242554,25377
"Joe Musgrove","PIT",,39.6666,0,1.0283502340316772,1.0283502340316772,12970
"Adam Wainwright","STL",,65.6666,0,1.0257991552352905,1.0257991552352905,2233
"Harrison Bader","STL",125,,1.0043137073516846,,1.0043137073516846,18030
"Adam Duvall","ATL",209,,0.9963105916976929,,0.9963105916976929,10950
"Kyle Freeland","COL",,70.6666,0,0.9937647581100464,0.9937647581100464,16256
"Jacob Stallings","PIT",143,,0.9834694862365723,,0.9834694862365723,13723
"Mike Mayers","LAA",,30,0,0.979561984539032,0.979561984539032,15451
"Sixto Sánchez","MIA",,39,0,0.9737976789474487,0.9737976789474487,19680
"Austin Slater","SFG",104,,0.9708606004714966,,0.9708606004714966,16153
"Ryan Yarbrough","TBR",,55.6666,0,0.9663774967193604,0.9663774967193604,16502
"Anthony Rizzo","CHC",243,,0.9608588218688965,,0.9608588218688965,3473
"Tommy Edman","STL",227,,0.9604463577270508,,0.9604463577270508,19470
"Orlando Arcia","MIL",189,2,1.0271720886230469,-0.06766048073768616,0.9595116078853607,13185
"Adam Engel","CHW",93,,0.9544402956962585,,0.9544402956962585,15082
"Nick Anderson","TBR",,16.3333,0,0.9515533447265625,0.9515533447265625,18337
"Drew Smyly","SFG",,26.3333,0,0.9483680725097656,0.9483680725097656,11760
"Jurickson Profar","SDP",202,,0.9470620155334473,,0.9470620155334473,10815
"Yoán Moncada","CHW",231,,0.9270011782646179,,0.9270011782646179,17232
"Evan Longoria","SFG",209,,0.9234062433242798,,0.9234062433242798,9368
"Aaron Judge","NYY",114,,0.9217429757118225,,0.9217429757118225,15640
"Ty France","- - -",155,,0.9022994637489319,,0.9022994637489319,17982
"JaCoby Jones","DET",108,,0.8954015970230103,,0.8954015970230103,14818
"Mitch Moreland","- - -",152,,0.8922399431467056,,0.8922399431467056,3086
"Charlie Morton","TBR",,38,0,0.8887441158294678,0.8887441158294678,4676
"Nathan Eovaldi","BOS",,48.3333,0,0.8848912715911865,0.8848912715911865,9132
"Jordan Montgomery","NYY",,44,0,0.8813503980636597,0.8813503980636597,16511
"Griffin Canning","LAA",,56.3333,0,0.8809318542480469,0.8809318542480469,19867
"Sandy Alcantara","MIA",,42,0,0.8794997930526733,0.8794997930526733,18684
"Donovan Solano","SFG",203,,0.878562867641449,,0.878562867641449,8623
"Luis Guillorme","NYM",68,1,0.8713006377220154,0.006896966136991978,0.8781976038590074,16451
"Edwin Díaz","NYM",,25.6666,0,0.8703345656394958,0.8703345656394958,14710
"Evan Marshall","CHW",,22.6666,0,0.8702817559242249,0.8702817559242249,12297
"Aaron Hicks","NYY",211,,0.8684442639350891,,0.8684442639350891,5297
"Bo Bichette","TOR",128,,0.8667992949485779,,0.8667992949485779,19612
"Andrew Stevenson","WSN",47,,0.8651200532913208,,0.8651200532913208,17932
"Christian Yelich","MIL",247,,0.8634050488471985,,0.8634050488471985,11477
"Jedd Gyorko","MIL",135,1,0.8562796115875244,0.007013724651187658,0.8632933362387121,10816
"Josh Donaldson","MIN",102,,0.8544865250587463,,0.8544865250587463,5038
"Martín Maldonado","HOU",165,,0.8515586256980896,,0.8515586256980896,6887
"David Peralta","ARI",218,,0.8504514098167419,,0.8504514098167419,2136
"Freddy Peralta","MIL",,29.3333,0,0.8491172790527344,0.8491172790527344,18679
"Mike Minor","- - -",,56.6666,0,0.8433080911636353,0.8433080911636353,10021
"Tucker Barnhart","CIN",110,,0.8328889012336731,,0.8328889012336731,10200
"Tim Locastro","ARI",82,,0.8300866484642029,,0.8300866484642029,15124
"Josh Lindblom","MIL",,45.3333,0,0.8212057948112488,0.8212057948112488,7882
"Steven Brault","PIT",,42.6666,0,0.8151938915252686,0.8151938915252686,15291
"Keegan Akin","BAL",,25.6666,0,0.8140618801116943,0.8140618801116943,19362
"José Cisnero","DET",,29.6666,0,0.8017300367355347,0.8017300367355347,6399
"Colin Moran","PIT",200,,0.799106240272522,,0.799106240272522,16909
"Randy Dobnak","MIN",,46.6666,0,0.7940868139266968,0.7940868139266968,23798
"Austin Barnes","LAD",104,,0.7937338948249817,,0.7937338948249817,12158
"Mauricio Dubón","SFG",177,,0.792601466178894,,0.792601466178894,16530
"Masahiro Tanaka","NYY",,48,0,0.7903416156768799,0.7903416156768799,15764
"Jesús Luzardo","OAK",,59,0,0.7889012694358826,0.7889012694358826,19959
"Trevor Rosenthal","- - -",,23.666600000000003,0,0.7819248884916306,0.7819248884916306,10745
"Tyler Anderson","SFG",,59.6666,0,0.7802599668502808,0.7802599668502808,12880
"Cedric Mullins","BAL",153,,0.7759028077125549,,0.7759028077125549,17929
"Victor Reyes","DET",213,,0.7746554613113403,,0.7746554613113403,15487
"Rafael Devers","BOS",248,,0.774125874042511,,0.774125874042511,17350
"Tyler Matzek","ATL",,29,0,0.7727072238922119,0.7727072238922119,10058
"Franmil Reyes","CLE",241,,0.7720343470573425,,0.7720343470573425,14566
"Jared Walsh","LAA",108,,0.7705323100090027,,0.7705323100090027,18607
"Drew Pomeranz","SDP",,18.6666,0,0.7668887972831726,0.7668887972831726,11426
"Eddie Rosario","MIN",231,,0.7657265067100525,,0.7657265067100525,12155
"Carlos Santana","CLE",255,,0.7613587975502014,,0.7613587975502014,2396
"Greg Holland","KCR",,28.3333,0,0.7596569657325745,0.7596569657325745,7196
"Deivi García","NYY",,34.3333,0,0.7581301331520081,0.7581301331520081,20276
"Tyler Clippard","MIN",,26,0,0.757387638092041,0.757387638092041,5640
"Ryan Mountcastle","BAL",140,,0.7562103867530823,,0.7562103867530823,18373
"Randy Arozarena","TBR",76,,0.753287672996521,,0.753287672996521,19290
"Christian Walker","ARI",243,,0.7448464035987854,,0.7448464035987854,13419
"Rhys Hoskins","PHI",185,,0.7427241802215576,,0.7427241802215576,16472
"JT Brubaker","PIT",,47.3333,0,0.7319485545158386,0.7319485545158386,17578
"Jalen Beeks","TBR",,19.3333,0,0.7254804968833923,0.7254804968833923,17192
"Bobby Dalbec","BOS",92,,0.7247786521911621,,0.7247786521911621,19966
"Mike Clevinger","- - -",,41.6666,0,0.7223402300151065,0.7223402300151065,12808
"Edwin Ríos","LAD",83,,0.721997857093811,,0.721997857093811,18316
"Garrett Richards","SDP",,51.3333,0,0.7209107875823975,0.7209107875823975,9784
"Yadier Molina","STL",156,,0.7166800498962402,,0.7166800498962402,7007
"Adam Frazier","PIT",230,,0.7147617340087891,,0.7147617340087891,15223
"Hunter Dozier","KCR",186,,0.7133069634437561,,0.7133069634437561,15117
"Eric Hosmer","SDP",156,,0.7025662064552307,,0.7025662064552307,3516
"Héctor Neris","PHI",,21.6666,0,0.701412558555603,0.701412558555603,11804
"Tyler Duffey","MIN",,24,0,0.7006996273994446,0.7006996273994446,13758
"Curt Casali","CIN",93,,0.6931805610656738,,0.6931805610656738,12510
"Rich Hill","MIN",,38.6666,0,0.6915808320045471,0.6915808320045471,4806
"Ozzie Albies","ATL",124,,0.6904361248016357,,0.6904361248016357,16556
"Javier Báez","CHC",235,,0.6882354021072388,,0.6882354021072388,12979
"Didi Gregorius","PHI",237,,0.6841082572937012,,0.6841082572937012,6012
"Dane Dunning","CHW",,34,0,0.6835899949073792,0.6835899949073792,19409
"Brad Miller","STL",171,,0.6827694177627563,,0.6827694177627563,12775
"Randal Grichuk","TOR",231,,0.6814385056495667,,0.6814385056495667,10243
"Brent Suter","MIL",,31.6666,0,0.6802735924720764,0.6802735924720764,13942
"Ryan Pressly","HOU",,21,0,0.6748685836791992,0.6748685836791992,7005
"Niko Goodrum","DET",179,,0.6742599010467529,,0.6742599010467529,12092
"Jake McGee","LAD",,20.3333,0,0.6720096468925476,0.6720096468925476,7550
"Kevin Pillar","- - -",223,,0.6715499758720398,,0.6715499758720398,12434
"Phil Maton","CLE",,21.6666,0,0.6610692143440247,0.6610692143440247,18064
"Dean Kremer","BAL",,18.6666,0,0.6607649326324463,0.6607649326324463,19350
"Logan Webb","SFG",,54.3333,0,0.6552229523658752,0.6552229523658752,17995
"Tejay Antone","CIN",,35.3333,0,0.6526886820793152,0.6526886820793152,16233
"Manny Piña","MIL",45,,0.6506533026695251,,0.6506533026695251,2829
"Vince Velasquez","PHI",,34,0,0.6471729278564453,0.6471729278564453,11189
"Kwang Hyun Kim","STL",,39,0,0.6372205018997192,0.6372205018997192,27458
"Jaime Barria","LAA",,32.3333,0,0.6270459294319153,0.6270459294319153,18356
"Victor González","LAD",,20.3333,0,0.6252157092094421,0.6252157092094421,16408
"Alex Cobb","BAL",,52.3333,0,0.6206371784210205,0.6206371784210205,6562
"Jorge Polanco","MIN",226,,0.619999349117279,,0.619999349117279,13152
"Matt Foster","CHW",,28.6666,0,0.6180912852287292,0.6180912852287292,19647
"Yimi García","MIA",,15,0,0.6138849854469299,0.6138849854469299,12095
"J.D. Davis","NYM",229,,0.6120444536209106,,0.6120444536209106,16219
"Ketel Marte","ARI",195,,0.6076608896255493,,0.6076608896255493,13613
"Jon Berti","MIA",149,,0.6038337349891663,,0.6038337349891663,12037
"Mike Fiers","OAK",,59,0,0.6033939123153687,0.6033939123153687,7754
"Archie Bradley","- - -",,18.3332,0,0.595491349697113,0.595491349697113,12918
"Alex Colomé","CHW",,22.3333,0,0.5937982797622681,0.5937982797622681,6661
"Nick Margevicius","SEA",,41.3333,0,0.5937970876693726,0.5937970876693726,20395
"Rafael Dolis","TOR",,24,0,0.5936476588249207,0.5936476588249207,4185
"Jonathan Hernández","TEX",,31,0,0.5932825207710266,0.5932825207710266,17464
"Chris Stratton","PIT",,30,0,0.589013934135437,0.589013934135437,13761
"Jack Flaherty","STL",,40.3333,0,0.5869641304016113,0.5869641304016113,17479
"Merrill Kelly","ARI",,31.3333,0,0.5848560929298401,0.5848560929298401,11156
"Taijuan Walker","- - -",,53.3333,0,0.581672877073288,0.581672877073288,11836
"Félix Peña","LAA",,26.6666,0,0.5812952518463135,0.5812952518463135,13403
"Michael Lorenzen","CIN",1,33.6666,0.05567207932472229,0.5231896042823792,0.5788616836071014,14843
"Yandy Díaz","TBR",138,,0.5787733793258667,,0.5787733793258667,16578
"Matt Wisler","MIN",,25.3333,0,0.5774383544921875,0.5774383544921875,12804
"Triston McKenzie","CLE",,33.3333,0,0.5742817521095276,0.5742817521095276,18000
"Joey Gallo","TEX",226,,0.5732146501541138,,0.5732146501541138,14128
"J.A. Happ","NYY",,49.3333,0,0.571775496006012,0.571775496006012,7410
"Danny Duffy","KCR",,56.3333,0,0.5697469115257263,0.5697469115257263,3542
"Daniel Norris","DET",,27.6666,0,0.5686184167861938,0.5686184167861938,13475
"Brett Anderson","MIL",,47,0,0.5667011737823486,0.5667011737823486,8223
"Jake Cave","MIN",123,,0.5651600956916809,,0.5651600956916809,14477
"Giovanny Gallegos","STL",,15,0,0.5644976496696472,0.5644976496696472,14986
"Walker Buehler","LAD",,36.6666,0,0.564017653465271,0.564017653465271,19374
"Caleb Thielbar","MIN",,20,0,0.5636693835258484,0.5636693835258484,10078
"Pete Fairbanks","TBR",,26.6666,0,0.562965452671051,0.562965452671051,17998
"Raimel Tapia","COL",206,,0.5628249049186707,,0.5628249049186707,14350
"Dylan Floro","LAD",,24.3333,0,0.5623152852058411,0.5623152852058411,13394
"Blake Snell","TBR",,50,0,0.5607054233551025,0.5607054233551025,13543
"Richard Rodríguez","PIT",,23.3333,0,0.5604861974716187,0.5604861974716187,13549
"Gleyber Torres","NYY",160,,0.5599612593650818,,0.5599612593650818,16997
"Codi Heuer","CHW",,23.6666,0,0.556718647480011,0.556718647480011,23293
"Nolan Arenado","COL",201,,0.5552743673324585,,0.5552743673324585,9777
"Kenley Jansen","LAD",,24.3333,0,0.553739607334137,0.553739607334137,3096
"Omar Narváez","MIL",126,,0.5454434752464294,,0.5454434752464294,13338
"Julian Merryweather","TOR",,13,0,0.5415570735931396,0.5415570735931396,16703
"Tommy Hunter","PHI",,24.6666,0,0.5384432673454285,0.5384432673454285,1157
"Miguel Sanó","MIN",205,,0.5376867055892944,,0.5376867055892944,12164
"Mike Moustakas","CIN",163,,0.5359621047973633,,0.5359621047973633,4892
"Yency Almonte","COL",,27.6666,0,0.5358039140701294,0.5358039140701294,15068
"Nick Madrigal","CHW",109,,0.5343505144119263,,0.5343505144119263,20521
"Adbert Alzolay","CHC",,21.3333,0,0.5334097743034363,0.5334097743034363,17859
"Tony Kemp","OAK",114,,0.5326999425888062,,0.5326999425888062,14894
"Kyle Schwarber","CHC",224,,0.5308796763420105,,0.5308796763420105,16478
"Matt Olson","OAK",245,,0.5282616019248962,,0.5282616019248962,14344
"Taylor Rogers","MIN",,20,0,0.5249766707420349,0.5249766707420349,13449
"Ryan Brasier","BOS",,25,0,0.5243163704872131,0.5243163704872131,5615
"Tommy Milone","- - -",,38.999900000000004,0,0.5228085964918137,0.5228085964918137,7608
"Wander Suero","WSN",,23.6666,0,0.5193429589271545,0.5193429589271545,15855
"Joakim Soria","OAK",,22.3333,0,0.5183293223381042,0.5183293223381042,6941
"César Valdez","BAL",,14.3333,0,0.5160090923309326,0.5160090923309326,9013
"Zack Britton","NYY",,19,0,0.5123658776283264,0.5123658776283264,3240
"Blake Treinen","LAD",,25.6666,0,0.5122474431991577,0.5122474431991577,12572
"Daniel Bard","COL",,24.6666,0,0.5119456052780151,0.5119456052780151,7115
"Johnny Cueto","SFG",,63.3333,0,0.5090251564979553,0.5090251564979553,6893
"Austin Gomber","STL",,29,0,0.5086773037910461,0.5086773037910461,16561
"Jake Arrieta","PHI",,44.3333,0,0.5085259675979614,0.5085259675979614,4153
"Tyler Rogers","SFG",,28,0,0.5078116059303284,0.5078116059303284,15541
"Kris Bubic","KCR",,50,0,0.5051172971725464,0.5051172971725464,21455
"Luis Arraez","MIN",121,,0.5009579658508301,,0.5009579658508301,18568
"Elieser Hernández","MIA",,25.6666,0,0.49632230401039124,0.49632230401039124,16933
"Dustin May","LAD",,56,0,0.49443957209587097,0.49443957209587097,19716
"Rowan Wick","CHC",,17.3333,0,0.4935719668865204,0.4935719668865204,14646
"Darin Ruf","SFG",100,,0.49256691336631775,,0.49256691336631775,9929
"Jake Diekman","OAK",,21.3333,0,0.4924268126487732,0.4924268126487732,5003
"Manuel Margot","TBR",159,,0.4907076060771942,,0.4907076060771942,14712
"Justin Wilson","NYM",,19.6666,0,0.4892718195915222,0.4892718195915222,4301
"Aaron Slegers","TBR",,26,0,0.4854939579963684,0.4854939579963684,15231
"Cristian Javier","HOU",,54.3333,0,0.4839830994606018,0.4839830994606018,17606
"Chris Martin","ATL",,18,0,0.48020362854003906,0.48020362854003906,11847
"Joey Votto","CIN",223,,0.4800589382648468,,0.4800589382648468,4314
"Nico Hoerner","CHC",126,,0.4799298644065857,,0.4799298644065857,21479
"Keston Hiura","MIL",246,,0.47464650869369507,,0.47464650869369507,20003
"David Peterson","NYM",,49.6666,0,0.4687981903553009,0.4687981903553009,20302
"Alex Reyes","STL",,19.6666,0,0.4671997129917145,0.4671997129917145,15015
"Joshua Fuentes","COL",103,,0.46704259514808655,,0.46704259514808655,16885
"Andrelton Simmons","LAA",127,,0.46687930822372437,,0.46687930822372437,10847
"Jesse Hahn","KCR",,17.3333,0,0.4642540514469147,0.4642540514469147,13287
"Andrew Knapp","PHI",89,,0.4642476439476013,,0.4642476439476013,14942
"John Gant","STL",,15,0,0.4605307877063751,0.4605307877063751,13684
"Jon Gray","COL",,39,0,0.4564390778541565,0.4564390778541565,14916
"Luke Weaver","ARI",,52,0,0.45574256777763367,0.45574256777763367,16918
"Rowdy Tellez","TOR",127,,0.4509522318840027,,0.4509522318840027,15679
"Giancarlo Stanton","NYY",94,,0.45043283700942993,,0.45043283700942993,4949
"Martín Pérez","BOS",,62,0,0.4486618638038635,0.4486618638038635,6902
"Jorge Soler","KCR",174,,0.4482199251651764,,0.4482199251651764,14221
"Anthony Misiewicz","SEA",,20,0,0.4470676779747009,0.4470676779747009,18152
"Anthony Bemboom","LAA",60,1,0.4542272388935089,-0.007746540941298008,0.4464806979522109,13854
"Tyler Wade","NYY",105,,0.4464086592197418,,0.4464086592197418,15730
"Kyle Zimmer","KCR",,23,0,0.4457293152809143,0.4457293152809143,14169
"Ryan Jeffers","MIN",62,,0.4450484812259674,,0.4450484812259674,24618
"Leury García","CHW",63,,0.44451335072517395,,0.44451335072517395,5913
"C.J. Cron","DET",52,,0.44433656334877014,,0.44433656334877014,12546
"Jacob Nottingham","MIL",54,,0.4437198042869568,,0.4437198042869568,16448
"Tanner Houck","BOS",,17,0,0.4428677260875702,0.4428677260875702,19879
"Lucas Sims","CIN",,25.6666,0,0.4427318274974823,0.4427318274974823,13470
"Cal Quantrill","- - -",,31.999900000000004,0,0.4420465975999832,0.4420465975999832,19312
"A.J. Minter","ATL",,21.6666,0,0.43631333112716675,0.43631333112716675,18655
"Frankie Montas","OAK",,53,0,0.43591922521591187,0.43591922521591187,14309
"Josh Tomlin","ATL",,39.6666,0,0.4351465404033661,0.4351465404033661,9388
"Anthony Bass","TOR",,25.6666,0,0.4347122609615326,0.4347122609615326,7982
"Kyle Cody","TEX",,22.6666,0,0.431376576423645,0.431376576423645,19686
"Jacob Barnes","LAA",,18,0,0.43126219511032104,0.43126219511032104,12323
"Avisaíl García","MIL",207,,0.42735520005226135,,0.42735520005226135,5760
"Brett Gardner","NYY",158,,0.4234001040458679,,0.4234001040458679,9927
"DJ Stewart","BAL",112,,0.42325323820114136,,0.42325323820114136,17766
"Travis Lakins Sr.","BAL",,25.6666,0,0.41981860995292664,0.41981860995292664,18600
"Adrian Houser","MIL",,56,0,0.41834357380867004,0.41834357380867004,12718
"Tyler Chatwood","CHC",,18.6666,0,0.41778868436813354,0.41778868436813354,4338
"J.B. Wendelken","OAK",,25,0,0.41476842761039734,0.41476842761039734,14506
"Trevor Cahill","SFG",,25,0,0.40750402212142944,0.40750402212142944,6249
"Tanner Scott","BAL",,20.6666,0,0.40686824917793274,0.40686824917793274,17586
"Trevor Rogers","MIA",,28,0,0.40625208616256714,0.40625208616256714,22286
"Trevor May","MIN",,23.3333,0,0.3991050720214844,0.3991050720214844,6398
"Bryan Garcia","DET",,21.6666,0,0.3978160619735718,0.3978160619735718,19457
"Kyle Higashioka","NYY",48,,0.39582520723342896,,0.39582520723342896,5517
"Austin Hays","BAL",134,,0.3953278660774231,,0.3953278660774231,19363
"Leody Taveras","TEX",134,,0.39406365156173706,,0.39406365156173706,18900
"Marwin Gonzalez","MIN",199,,0.3938138484954834,,0.3938138484954834,5497
"Jordan Romano","TOR",,14.6666,0,0.3935130834579468,0.3935130834579468,16122
"Tomás Nido","NYM",26,,0.39213472604751587,,0.39213472604751587,13755
"Carson Kelly","ARI",129,1,0.3839188516139984,0.006986288353800774,0.3909051399677992,13620
"Stefan Crichton","ARI",,26,0,0.39076173305511475,0.39076173305511475,16058
"Cam Gallagher","KCR",60,,0.3897341787815094,,0.3897341787815094,12981
"Phillip Evans","PIT",45,,0.3887527287006378,,0.3887527287006378,12950
"Scott Barlow","KCR",,30,0,0.3872871696949005,0.3872871696949005,14993
"Dakota Hudson","STL",,39,0,0.38631731271743774,0.38631731271743774,19206
"Joely Rodríguez","TEX",,12.6666,0,0.3843730390071869,0.3843730390071869,11487
"John Curtiss","TBR",,25,0,0.3830902576446533,0.3830902576446533,16128
"Asdrúbal Cabrera","WSN",213,,0.37873342633247375,,0.37873342633247375,4962
"Jason Kipnis","CHC",135,,0.37663277983665466,,0.37663277983665466,9776
"Sam Huff","TEX",33,,0.3735339343547821,,0.3735339343547821,22209
"Josh Staumont","KCR",,25.6666,0,0.3729986846446991,0.3729986846446991,18335
"Danny Jansen","TOR",147,,0.36791932582855225,,0.36791932582855225,16535
"Oliver Pérez","CLE",,18,0,0.3656863570213318,0.3656863570213318,1514
"Chris Paddack","SDP",,59,0,0.3649715483188629,0.3649715483188629,20099
"Burch Smith","OAK",,12,0,0.3636167049407959,0.3636167049407959,12784
"Harold Castro","DET",54,,0.3635596036911011,,0.3635596036911011,14691
"Yan Gomes","WSN",119,,0.3618149161338806,,0.3618149161338806,9627
"Brusdar Graterol","LAD",,23.3333,0,0.3585335910320282,0.3585335910320282,20367
"Hanser Alberto","BAL",231,,0.3571888208389282,,0.3571888208389282,11902
"Adam Kolarek","LAD",,19,-0.0010005824733525515,0.3578999638557434,0.35689938138239086,10843
"Luis Urías","MIL",120,,0.35626184940338135,,0.35626184940338135,16622
"Seth Lugo","NYM",,36.6666,0,0.35104435682296753,0.35104435682296753,12447
"Chris Mazza","BOS",,30,0,0.35085970163345337,0.35085970163345337,14151
"Enoli Paredes","HOU",,20.6666,0,0.3492567241191864,0.3492567241191864,20447
"Francisco Cervelli","MIA",62,,0.343498170375824,,0.343498170375824,5275
"Rio Ruiz","BAL",204,,0.3415358066558838,,0.3415358066558838,14103
"Kolby Allard","TEX",,33.6666,0,0.3411211371421814,0.3411211371421814,18694
"Roberto Pérez","CLE",110,,0.3402669429779053,,0.3402669429779053,2900
"Charlie Blackmon","COL",247,,0.3380975127220154,,0.3380975127220154,7859
"Kyle Finnegan","WSN",,24.6666,0,0.33596301078796387,0.33596301078796387,15009
"Paul Fry","BAL",,22,0,0.3355354070663452,0.3355354070663452,15832
"Pete Alonso","NYM",239,,0.33483245968818665,,0.33483245968818665,19251
"Chaz Roe","TBR",,9.3333,0,0.334689736366272,0.334689736366272,9866
"Shane Greene","ATL",,27.6666,0,0.3339884877204895,0.3339884877204895,10756
"Richard Bleier","- - -",,16.666600000000003,0,0.33156537264585495,0.33156537264585495,7803
"Matt Andriese","LAA",,32,0,0.32961174845695496,0.32961174845695496,12022
"José Urquidy","HOU",,29.6666,0,0.3267669379711151,0.3267669379711151,18413
"Josh Fleming","TBR",,32.3333,0,0.326686292886734,0.326686292886734,20418
"Tyler Flowers","ATL",80,,0.326098769903183,,0.326098769903183,9134
"Jace Peterson","MIL",61,,0.3244120478630066,,0.3244120478630066,12325
"Jake Marisnick","NYM",34,,0.3228198289871216,,0.3228198289871216,11339
"Matt Carpenter","STL",169,,0.3209155201911926,,0.3209155201911926,8090
"Jorge López","- - -",,38.999900000000004,0,0.3176660821773112,0.3176660821773112,14527
"Ryan Tepera","CHC",,20.6666,0,0.3165535628795624,0.3165535628795624,10291
"Andrew Miller","STL",,13,0,0.3160953223705292,0.3160953223705292,6785
"Darren O'Day","ATL",,16.3333,0,0.31440669298171997,0.31440669298171997,3321
"Ronald Guzmán","TEX",86,,0.3111850917339325,,0.3111850917339325,14388
"James Hoyt","MIA",,14.6666,0,0.3099391758441925,0.3099391758441925,14605
"John Means","BAL",,43.6666,0,0.30748891830444336,0.30748891830444336,16269
"Pierce Johnson","SDP",,20,0,0.30727705359458923,0.30727705359458923,13435
"Jarlín García","SFG",,18.3333,0,0.30671295523643494,0.30671295523643494,18282
"Nick Tropeano","PIT",,15.6666,0,0.301391065120697,0.301391065120697,12385
"Tyler Stephenson","CIN",20,,0.2995799481868744,,0.2995799481868744,17988
"Nick Castellanos","CIN",242,,0.2989071011543274,,0.2989071011543274,11737
"James Paxton","NYY",,20.3333,0,0.2972722053527832,0.2972722053527832,11828
"Garrett Cooper","MIA",133,,0.2956218421459198,,0.2956218421459198,15279
"Craig Stammen","SDP",,24,0,0.29553329944610596,0.29553329944610596,7274
"Aroldis Chapman","NYY",,11.6666,0,0.29237768054008484,0.29237768054008484,10233
"Miguel Castro","- - -",,24.666600000000003,0,0.29122360050678253,0.29122360050678253,15684
"Riley Smith","ARI",,18.3333,0,0.2851589620113373,0.2851589620113373,19826
"Josh Hader","MIL",,19,0,0.28511327505111694,0.28511327505111694,14212
"Cody Stashak","MIN",,15,0,0.28119903802871704,0.28119903802871704,18088
"Thomas Hatch","TOR",,26.3333,0,0.28071969747543335,0.28071969747543335,19264
"Shawn Armstrong","BAL",,15,0,0.2804563641548157,0.2804563641548157,12857
"Paul DeJong","STL",174,,0.2800173759460449,,0.2800173759460449,18015
"Marcus Semien","OAK",236,,0.27929842472076416,,0.27929842472076416,12533
"Dillon Tate","BAL",,16.6666,0,0.2785145938396454,0.2785145938396454,17796
"Miguel Cabrera","DET",231,,0.2776744067668915,,0.2776744067668915,1744
"Blake Parker","PHI",,16,0,0.2757558226585388,0.2757558226585388,5224
"Aaron Bummer","CHW",,9.3333,0,0.2753254473209381,0.2753254473209381,16258
"Vladimir Guerrero Jr.","TOR",243,,0.274306982755661,,0.274306982755661,19611
"Jorge Alcala","MIN",,24,0,0.27417582273483276,0.27417582273483276,19459
"Victor Caratini","CHC",132,,0.2735421657562256,,0.2735421657562256,14968
"Shogo Akiyama","CIN",183,,0.2731300890445709,,0.2731300890445709,27461
"Brett Phillips","- - -",59,,0.27197381760925055,,0.27197381760925055,14735
"Amed Rosario","NYM",147,,0.2693694829940796,,0.2693694829940796,15518
"Rafael Marchán","PHI",9,,0.2668992578983307,,0.2668992578983307,21646
"Caleb Ferguson","LAD",,18.6666,0,0.26626312732696533,0.26626312732696533,19349
"Mark Melancon","ATL",,22.6666,0,0.2661072611808777,0.2661072611808777,4264
"Enrique Hernández","LAD",148,,0.26396262645721436,,0.26396262645721436,10472
"Tanner Rainey","WSN",,20.3333,0,0.2634297013282776,0.2634297013282776,17610
"Kendall Graveman","SEA",,18.6666,0,0.26216939091682434,0.26216939091682434,15514
"Rafael Montero","TEX",,17.6666,0,0.26128217577934265,0.26128217577934265,12760
"Tyler Webb","STL",,21.6666,0,0.2610523998737335,0.2610523998737335,14974
"Jimmy Cordero","CHW",,26.6666,0,0.25900405645370483,0.25900405645370483,15690
"Cam Bedrosian","LAA",,14.6666,0,0.2570512294769287,0.2570512294769287,13360
"Daniel Robertson","SFG",24,,0.25607889890670776,,0.25607889890670776,14145
"Michael Soroka","ATL",,13.6666,0,0.2555473744869232,0.2555473744869232,18383
"Tyler O'Neill","STL",157,,0.2551145553588867,,0.2551145553588867,15711
"Kevin Plawecki","BOS",89,0.6666,0.2650303244590759,-0.011190555989742279,0.25383976846933365,13807
"Brooks Raley","- - -",,20,0,0.2518162578344345,0.2518162578344345,10061
"Garrett Crochet","CHW",,6,0,0.24848350882530212,0.24848350882530212,27463
"Yairo Muñoz","BOS",45,,0.24695000052452087,,0.24695000052452087,16313
"A.J. Cole","TOR",,23.3333,0,0.24413767457008362,0.24413767457008362,11467
"Tyrone Taylor","MIL",41,,0.24281276762485504,,0.24281276762485504,13675
"Max Muncy","LAD",248,,0.2393650859594345,,0.2393650859594345,13301
"Adam Ottavino","NYY",,18.3333,0,0.2372194081544876,0.2372194081544876,1247
"Ryan Braun","MIL",141,,0.2371702492237091,,0.2371702492237091,3410
"Bryan Reynolds","PIT",208,,0.23708973824977875,,0.23708973824977875,19326
"Chad Wallach","MIA",48,,0.23254971206188202,,0.23254971206188202,17161
"Kyle Farmer","CIN",70,,0.22848692536354065,,0.22848692536354065,14813
"Tyler Kinley","COL",,23.6666,0,0.22410568594932556,0.22410568594932556,18297
"Jon Lester","CHC",,61,0,0.22136056423187256,0.22136056423187256,4930
"Erik González","PIT",193,,0.21862788498401642,,0.21862788498401642,13369
"Ehire Adrianza","MIN",101,1,0.289645791053772,-0.07180134952068329,0.21784444153308868,8418
"Danny Mendick","CHW",114,,0.216171532869339,,0.216171532869339,18889
"Cameron Maybin","- - -",101,,0.2140442207455635,,0.2140442207455635,5223
"Kevan Smith","TBR",38,,0.213326558470726,,0.213326558470726,12284
"Nik Turley","PIT",,21.6666,0,0.20973843336105347,0.20973843336105347,5530
"Renato Núñez","BAL",216,,0.20537099242210388,,0.20537099242210388,14503
"Gregory Soto","DET",,23,0,0.20473651587963104,0.20473651587963104,19677
"Jose Trevino","TEX",83,,0.2025976926088333,,0.2025976926088333,16725
"Daniel Castano","MIA",,29.6666,0,0.202285498380661,0.202285498380661,19805
"Guillermo Heredia","- - -",36,,0.20058918371796608,,0.20058918371796608,18721
"Luis Cessa","NYY",,21.6666,0,0.20008474588394165,0.20008474588394165,13345
"Kyle Gibson","TEX",,67.3333,0,0.1986844688653946,0.1986844688653946,10123
"Jason Castro","- - -",92,,0.1983354166150093,,0.1983354166150093,8722
"Caleb Baragar","SFG",,22.3333,0,0.19830171763896942,0.19830171763896942,19231
"Chad Green","NYY",,25.6666,0,0.19777695834636688,0.19777695834636688,15552
"Carl Edwards Jr.","SEA",,4.6666,0,0.19743332266807556,0.19743332266807556,13607
"Aaron Loup","TBR",,25,0,0.19620782136917114,0.19620782136917114,10343
"Ryan Borucki","TOR",,16.6666,0,0.1944006085395813,0.1944006085395813,16350
"Todd Frazier","- - -",172,1,0.17546907719224691,0.01834026165306568,0.1938093388453126,785
"Lorenzo Cain","MIL",21,,0.193125918507576,,0.193125918507576,9077
"Roman Quinn","PHI",116,,0.19129936397075653,,0.19129936397075653,13546
"Justin Topa","MIL",,7.6666,0,0.19127577543258667,0.19127577543258667,15145
"Aníbal Sánchez","WSN",,53,0,0.19124290347099304,0.19124290347099304,3284
"Bryse Wilson","ATL",,15.6666,0,0.1890052855014801,0.1890052855014801,19990
"Jordan Luplow","CLE",92,,0.18893133103847504,,0.18893133103847504,16424
"Alex Avila","MIN",62,,0.1879197061061859,,0.1879197061061859,7476
"Chad Pinder","OAK",61,,0.18668659031391144,,0.18668659031391144,15191
"David Hale","- - -",,17,0,0.18627721816301346,0.18627721816301346,9756
"Yolmer Sánchez","CHW",21,1,0.23101526498794556,-0.04632889851927757,0.18468636646866798,11602
"Jeremy Jeffress","CHC",,23.3333,0,0.180257648229599,0.180257648229599,9490
"Sean Poppen","MIN",,7.6666,0,0.1794959008693695,0.1794959008693695,19583
"Jordan Zimmermann","DET",,5.6666,0,0.1790332943201065,0.1790332943201065,4505
"Santiago Espinal","TOR",66,2,0.2516937255859375,-0.07314039766788483,0.17855332791805267,19997
"Amir Garrett","CIN",,18.3333,0,0.1775890588760376,0.1775890588760376,14375
"JoJo Romero","PHI",,10.6666,0,0.17659948766231537,0.17659948766231537,19574
"Erik Kratz","NYY",30,2,0.2939665913581848,-0.1178717389702797,0.17609485238790512,4403
"Robert Stock","BOS",,13.3333,0,0.17535974085330963,0.17535974085330963,6576
"Taylor Williams","- - -",,14.6666,0,0.17523988708853722,0.17523988708853722,14899
"Roberto Osuna","HOU",,4.3333,0,0.17486253380775452,0.17486253380775452,13764
"Joey Bart","SFG",111,,0.17359398305416107,,0.17359398305416107,21524
"Trent Thornton","TOR",,5.6666,0,0.17342036962509155,0.17342036962509155,17948
"Ben Braymer","WSN",,7.3333,0,0.170768141746521,0.170768141746521,20175
"Michel Baez","SDP",,4.6666,0,0.16930028796195984,0.16930028796195984,20100
"Ross Detwiler","CHW",,19.6666,0,0.168539360165596,0.168539360165596,2859
"Tyler Thornburg","CIN",,7,0,0.16786625981330872,0.16786625981330872,10688
"Josh Harrison","WSN",91,,0.16723240911960602,,0.16723240911960602,8202
"Andrew Kittredge","TBR",,8,0,0.16684246063232422,0.16684246063232422,12828
"Evan Phillips","BAL",,14.3333,0,0.1667591780424118,0.1667591780424118,17734
"Jose Quintana","CHC",,10,0,0.16609184443950653,0.16609184443950653,11423
"Devin Smeltzer","MIN",,16,0,0.1644590198993683,0.1644590198993683,19487
"Sam Hilliard","COL",114,,0.16324982047080994,,0.16324982047080994,17954
"Nicky Lopez","KCR",192,,0.1621190309524536,,0.1621190309524536,19339
"Ryan McBroom","KCR",85,,0.16108597815036774,,0.16108597815036774,16524
"Derek Dietrich","TEX",75,,0.1609916239976883,,0.1609916239976883,10542
"Dexter Fowler","STL",101,,0.16030582785606384,,0.16030582785606384,4062
"Nathaniel Lowe","TBR",76,,0.15925391018390656,,0.15925391018390656,19566
"David Bote","CHC",145,,0.15848219394683838,,0.15848219394683838,14593
"Garrett Hampson","COL",184,,0.15811283886432648,,0.15811283886432648,19262
"Joey Lucchesi","SDP",,5.6666,0,0.15651705861091614,0.15651705861091614,19320
"Magneuris Sierra","MIA",53,,0.1528777927160263,,0.1528777927160263,17023
"Sam Selman","SFG",,19.3333,0,0.15105286240577698,0.15105286240577698,13397
"Kyle Crick","PIT",,5.6666,0,0.147304967045784,0.147304967045784,13182
"Alec Mills","CHC",1,62.3333,0.0009941825410351157,0.14357797801494598,0.1445721605559811,13834
"Jonathan Davis","TOR",34,,0.14452838897705078,,0.14452838897705078,15104
"Lou Trivino","OAK",,23.3333,0,0.14424008131027222,0.14424008131027222,15043
"Anderson Tejeda","TEX",77,,0.14370904862880707,,0.14370904862880707,19909
"Kurt Suzuki","WSN",129,,0.14321492612361908,,0.14321492612361908,8259
"Chasen Shreve","NYM",,25,0,0.14257575571537018,0.14257575571537018,10855
"Starlin Castro","WSN",63,,0.13779988884925842,,0.13779988884925842,4579
"Wyatt Mathisen","ARI",33,,0.13705609738826752,,0.13705609738826752,14555
"Grant Dayton","ATL",,27.3333,0,0.1366855800151825,0.1366855800151825,11203
"Sergio Romo","MIN",,20,0,0.1335991621017456,0.1335991621017456,9817
"Jesús Aguilar","MIA",216,,0.13344040513038635,,0.13344040513038635,11342
"Daniel Vogelbach","- - -",136,,0.13309576362371445,,0.13309576362371445,14130
"Branden Kline","BAL",,5,0,0.13286738097667694,0.13286738097667694,14101
"Kris Bryant","CHC",147,,0.13210345804691315,,0.13210345804691315,15429
"Jose Alvarez","PHI",,6.3333,0,0.13111034035682678,0.13111034035682678,5358
"Jacob Webb","ATL",,10,0,0.130076065659523,0.130076065659523,19274
"Jordan Weems","OAK",,14,0,0.12948955595493317,0.12948955595493317,13190
"Erasmo Ramírez","NYM",,14.3333,0,0.12773770093917847,0.12773770093917847,10314
"Wade Miley","CIN",,14.3333,0,0.12551595270633698,0.12551595270633698,8779
"Eric Yardley","MIL",,23.3333,0,0.12536150217056274,0.12536150217056274,15538
"Wes Benjamin","TEX",,22.3333,0,0.12368950992822647,0.12368950992822647,19243
"Carlos Rodón","CHW",,7.6666,0,0.12276077270507812,0.12276077270507812,16137
"Taylor Hearn","TEX",,17.3333,0,0.12192229926586151,0.12192229926586151,18325
"Kyle McGowin","WSN",,11,0,0.12169335037469864,0.12169335037469864,15071
"Luis Campusano","SDP",4,,0.1207335814833641,,0.1207335814833641,22217
"Pedro Báez","LAD",,17,0,0.11832447350025177,0.11832447350025177,5420
"Jeff Hoffman","COL",,21.3333,0,0.11817197501659393,0.11817197501659393,17432
"Elliot Soto","LAA",7,,0.11808661371469498,,0.11808661371469498,11155
"Joe Kelly","LAD",,10,0,0.11785248667001724,0.11785248667001724,9761
"Jorge Oña","SDP",15,,0.11771351844072342,,0.11771351844072342,20040
"Mike Tauchman","NYY",111,,0.11703227460384369,,0.11703227460384369,15274
"Noé Ramirez","LAA",,21,0,0.11626342684030533,0.11626342684030533,12800
"Jonathan Loáisiga","NYY",,23,0,0.11594850569963455,0.11594850569963455,19753
"Yusmeiro Petit","OAK",,21.6666,0,0.11594628542661667,0.11594628542661667,4020
"John Schreiber","DET",,15.6666,0,0.11561141908168793,0.11561141908168793,20020
"Javy Guerra","SDP",,13.3333,0,0.11535284668207169,0.11535284668207169,17292
"Darwinzon Hernández","BOS",,8.3333,0,0.11399156600236893,0.11399156600236893,19848
"Cole Sulser","BAL",,22.6666,0,0.11394750326871872,0.11394750326871872,15256
"Mike Morin","MIA",,4,0,0.11348973959684372,0.11348973959684372,13442
"Edinson Volquez","TEX",,5.6666,0,0.11336712539196014,0.11336712539196014,3990
"Ryan Thompson","TBR",,26.3333,0,0.11256638914346695,0.11256638914346695,16647
"Andre Scrubb","HOU",,23.6666,0,0.11213832348585129,0.11213832348585129,20329
"Pat Valaika","BAL",150,,0.11148515343666077,,0.11148515343666077,14885
"Alejandro Kirk","TOR",25,,0.11003465205430984,,0.11003465205430984,22581
"Ryan Sherriff","TBR",,9.6666,0,0.10898800939321518,0.10898800939321518,12249
"Ryan McMahon","COL",193,,0.10755566507577896,,0.10755566507577896,15112
"Luis Garcia","HOU",,12.3333,0,0.1048077717423439,0.1048077717423439,23735
"Walker Lockett","- - -",,16.3333,0,0.10405156016349792,0.10405156016349792,13804
"Artie Lewicki","ARI",,3.3333,0,0.10254253447055817,0.10254253447055817,16731
"Adam Cimber","CLE",,11.3333,0,0.10228995978832245,0.10228995978832245,15288
"Trevor Richards","TBR",,32,0,0.10092700272798538,0.10092700272798538,19309
"Craig Kimbrel","CHC",,15.3333,0,0.10079191625118256,0.10079191625118256,6655
"Franchy Cordero","KCR",42,,0.10035944730043411,,0.10035944730043411,14567
"Jason Adam","CHC",,13.6666,0,0.10003860294818878,0.10003860294818878,11861
"Hunter Strickland","NYM",,3.3333,0,0.09953032433986664,0.09953032433986664,7836
"Buck Farmer","DET",,21.3333,0,0.09930374473333359,0.09930374473333359,14814
"Dylan Covey","BOS",,14,0,0.09888612478971481,0.09888612478971481,14825
"Sam Haggerty","SEA",54,,0.09855280816555023,,0.09855280816555023,18054
"Homer Bailey","MIN",,8,0,0.09833012521266937,0.09833012521266937,8362
"Keury Mella","ARI",,10,0,0.09755533933639526,0.09755533933639526,15964
"Chadwick Tromp","SFG",64,,0.09723566472530365,,0.09723566472530365,16953
"Adonis Medina","PHI",,4,0,0.09435708820819855,0.09435708820819855,19903
"Yu Chang","CLE",13,,0.09434087574481964,,0.09434087574481964,14773
"Glenn Sparkman","KCR",,5,0,0.09406164288520813,0.09406164288520813,15200
"Daulton Varsho","ARI",115,,0.09250866621732712,,0.09250866621732712,19918
"Alex Claudio","MIL",,19,0,0.09181272983551025,0.09181272983551025,12890
"Alex Gordon","KCR",184,,0.09070096164941788,,0.09070096164941788,5209
"Cole Hamels","ATL",,3.3333,0,0.09068837761878967,0.09068837761878967,4972
"Adam Plutko","CLE",,27.6666,0,0.08987410366535187,0.08987410366535187,15846
"Pat Venditte","MIA",,4.3333,0,0.08963711559772491,0.08963711559772491,7108
"Will Harris","WSN",,17.6666,0,0.08773168921470642,0.08773168921470642,3192
"Tommy Kahnle","NYY",,1,0,0.08747199177742004,0.08747199177742004,11384
"Phillips Valdez","BOS",,30.3333,0,0.08727210760116577,0.08727210760116577,15605
"Sean Reid-Foley","TOR",,6.6666,0,0.08714667707681656,0.08714667707681656,17034
"Freddy Galvis","CIN",159,,0.08630821853876114,,0.08630821853876114,6609
"Jeff Mathis","TEX",68,,0.0861726701259613,,0.0861726701259613,3448
"Yonny Chirinos","TBR",,11.3333,0,0.08513766527175903,0.08513766527175903,16401
"T.J. Zeuch","TOR",,11.3333,0,0.08462634682655334,0.08462634682655334,19269
"Carson Fulmer","- - -",,10.3332,0,0.08358210255391896,0.08358210255391896,18311
"Paolo Espino","WSN",,6,0,0.08089197427034378,0.08089197427034378,8246
"Blake Cederlind","PIT",,4,0,0.08082790672779083,0.08082790672779083,20344
"Luke Jackson","ATL",,26.3333,0,0.0807945653796196,0.0807945653796196,11752
"Yoshi Tsutsugo","TBR",185,,0.08061127364635468,,0.08061127364635468,27459
"Ben Gamel","MIL",127,,0.08008131384849548,,0.08008131384849548,12160
"Patrick Murphy","TOR",,6,0,0.07994130253791809,0.07994130253791809,19712
"Junior Guerra","ARI",,23.6666,0,0.07979870587587357,0.07979870587587357,5702
"Clarke Schmidt","NYY",,6.3333,0,0.07959510385990143,0.07959510385990143,19899
"Cionel Pérez","HOU",,6.3333,0,0.07784536480903625,0.07784536480903625,19614
"Aledmys Díaz","HOU",59,,0.07503172010183334,,0.07503172010183334,15937
"Jeff Brigham","MIA",,1,0,0.07339563965797424,0.07339563965797424,16631
"Travis Blankenhorn","MIN",4,,0.07291438430547714,,0.07291438430547714,18395
"José Leclerc","TEX",,2,0,0.07161571830511093,0.07161571830511093,14524
"Johan Camargo","ATL",127,,0.0714544728398323,,0.0714544728398323,14950
"Yordan Alvarez","HOU",9,,0.07120481878519058,,0.07120481878519058,19556
"Billy McKinney","TOR",3,,0.07006365060806274,,0.07006365060806274,15654
"Brian Navarreto","MIA",5,,0.06919900327920914,,0.06919900327920914,16398
"Joe Panik","TOR",141,,0.06857127696275711,,0.06857127696275711,11936
"Austin Riley","ATL",206,,0.06835091859102249,,0.06835091859102249,18360
"Nick Burdi","PIT",,2.3333,0,0.0676082894206047,0.0676082894206047,16074
"Chance Adams","KCR",,8.6666,0,0.06672946363687515,0.06672946363687515,18135
"Wandy Peralta","SFG",,27.3333,0,0.06605370342731476,0.06605370342731476,14295
"Stephen Vogt","ARI",81,,0.06516072154045105,,0.06516072154045105,5000
"Michael King","NYY",,26.6666,0,0.06485459208488464,0.06485459208488464,19853
"Foster Griffin","KCR",,1.6665999999999999,0,0.06404819339513779,0.06404819339513779,16432
"Tyler Heineman","SFG",50,1,0.05596449598670006,0.006486186292022467,0.062450682278722525,13897
"Ariel Jurado","NYM",,4,0,0.06116783618927002,0.06116783618927002,17030
"Chi Chi González","COL",,19.6666,0,0.0604710653424263,0.0604710653424263,14663
"Delino DeShields","CLE",120,,0.06001470237970352,,0.06001470237970352,11379
"Nick Wittgren","CLE",,23.6666,0,0.05830150097608566,0.05830150097608566,15594
"Sal Romano","CIN",,1.3333,0,0.056944288313388824,0.056944288313388824,13690
"Sam Howard","PIT",,21,0,0.0551961213350296,0.0551961213350296,16265
"Dan Altavilla","- - -",,20.3332,0,0.05468033254146576,0.05468033254146576,16507
"Nick Pivetta","- - -",,15.666599999999999,0,0.054481908679008484,0.054481908679008484,15454
"Scott Blewett","KCR",,3,0,0.0525798574090004,0.0525798574090004,16427
"Corey Dickerson","MIA",210,,0.05215590074658394,,0.05215590074658394,10762
"Blake Taylor","HOU",,20.6666,0,0.05033251270651817,0.05033251270651817,16418
"Austin Dean","STL",7,,0.05022295191884041,,0.05022295191884041,18288
"Johan Oviedo","STL",,24.6666,0,0.050055962055921555,0.050055962055921555,22487
"Javy Guerra","WSN",,15.6666,0,0.04969959706068039,0.04969959706068039,7407
"Brent Rooker","MIN",21,,0.049527548253536224,,0.049527548253536224,19627
"César Puello","BOS",11,,0.04925907030701637,,0.04925907030701637,7216
"Alex McRae","CHW",,3,0,0.0467558428645134,0.0467558428645134,16317
"Stephen Strasburg","WSN",,5,0,0.04644105210900307,0.04644105210900307,10131
"Rob Kaminsky","STL",,4.6666,0,0.04418601095676422,0.04418601095676422,15792
"Joey Gerber","SEA",,15.6666,0,0.04323991388082504,0.04323991388082504,24591
"Clay Holmes","PIT",,1.3333,0,0.043145474046468735,0.043145474046468735,13649
"Brad Peacock","HOU",,2.3333,0,0.04307735338807106,0.04307735338807106,5401
"Tony Watson","SFG",,18,0,0.04288458824157715,0.04288458824157715,3132
"Michael Wacha","NYM",,34,0,0.04279496520757675,0.04279496520757675,14078
"Josh Naylor","- - -",104,,0.04217900335788727,,0.04217900335788727,18839
"Wilson Ramos","NYM",155,,0.04199845716357231,,0.04199845716357231,1433
"William Contreras","ATL",10,,0.0418698824942112,,0.0418698824942112,20503
"Mitch White","LAD",,3,0,0.04184664040803909,0.04184664040803909,19225
"Joe Harvey","COL",,3.3333,0,0.04069313034415245,0.04069313034415245,16459
"Jimmy Lambert","CHW",,2,0,0.04034528508782387,0.04034528508782387,19541
"Emilio Pagán","SDP",,22,0,0.039430562406778336,0.039430562406778336,14771
"Ryan Lavarnway","MIA",11,,0.03886662423610687,,0.03886662423610687,8879
"Taylor Ward","LAA",102,,0.0386715866625309,,0.0386715866625309,17548
"Bernardo Flores Jr.","CHW",,2,0,0.03855619952082634,0.03855619952082634,19561
"Keibert Ruiz","LAD",8,,0.038305725902318954,,0.038305725902318954,19610
"Mark Mathias","MIL",36,,0.03829038143157959,,0.03829038143157959,18032
"Billy Hamilton","- - -",36,,0.03796544671058655,,0.03796544671058655,10199
"Phil Gosselin","PHI",102,,0.037120185792446136,,0.037120185792446136,10953
"Brandon Waddell","PIT",,3.3333,0,0.0364086851477623,0.0364086851477623,18347
"Chad Kuhl","PIT",,46.3333,0,0.03607909753918648,0.03607909753918648,14975
"Eduardo Núñez","NYM",2,,0.03580896183848381,,0.03580896183848381,6848
"Yacksel Ríos","PIT",,4,0,0.03536302596330643,0.03536302596330643,15007
"Bradley Zimmer","CLE",50,,0.033900097012519836,,0.033900097012519836,16221
"José Ruiz","CHW",,4,0,0.0328797772526741,0.0328797772526741,14552
"Greg Allen","- - -",32,,0.030975565314292908,,0.030975565314292908,16623
"Corey Oswalt","NYM",,13,0,0.030889442190527916,0.030889442190527916,13677
"Paul Blackburn","OAK",,2.3333,0,0.030887963250279427,0.030887963250279427,14739
"Jesus Tinoco","- - -",,8.666599999999999,0,0.02698502643033862,0.02698502643033862,16300
"Andrew Romine","TEX",4,,0.02643566019833088,,0.02643566019833088,1159
"Jesus Cruz","STL",,1,0,0.024971043691039085,0.024971043691039085,20042
"Austin Davis","- - -",,6.6666,0,0.023695554584264755,0.023695554584264755,17117
"Juan Lagares","NYM",,,0.022640740498900414,,0.022640740498900414,5384
"Tim Hill","SDP",1,18,0.0007419310277327895,0.021092984825372696,0.021834915853105485,16814
"Óscar Hernández","KCR",4,,0.02054029516875744,,0.02054029516875744,13490
"Matt Dermody","CHC",,1,0,0.019703686237335205,0.019703686237335205,14844
"Gavin Lux","LAD",69,,0.01937941461801529,,0.01937941461801529,19955
"Jack Mayfield","HOU",47,,0.01918383315205574,,0.01918383315205574,15402
"Jake Newberry","KCR",,22,0,0.018901927396655083,0.018901927396655083,15136
"Josh A. Smith","MIA",,26.3333,0,0.017069850116968155,0.017069850116968155,10946
"David Bednar","SDP",,6.3333,0,0.017059922218322754,0.017059922218322754,19569
"Austin Allen","OAK",32,,0.01614760048687458,,0.01614760048687458,18083
"Chad Sobotka","ATL",,3.6666,0,0.01598365232348442,0.01598365232348442,17470
"Corey Kluber","TEX",,1,0,0.015580969862639904,0.015580969862639904,2429
"Willians Astudillo","MIN",16,,0.015061181969940662,,0.015061181969940662,15608
"Austin Meadows","TBR",152,,0.014138927683234215,,0.014138927683234215,15672
"Jeremy Beasley","ARI",,0.3333,0,0.013954943977296352,0.013954943977296352,20205
"LaMonte Wade Jr.","MIN",44,,0.013458743691444397,,0.013458743691444397,18126
"Pedro Severino","BAL",178,,0.013439660891890526,,0.013439660891890526,14523
"Alex Jackson","ATL",7,,0.01262823399156332,,0.01262823399156332,17276
"Mike Freeman","CLE",43,,0.011840415187180042,,0.011840415187180042,11241
"Brian O'Grady","TBR",5,,0.011310422793030739,,0.011310422793030739,16729
"Kyle Keller","LAA",,2.3333,0,0.010300691239535809,0.010300691239535809,18890
"Nick Markakis","ATL",141,,0.009387599304318428,,0.009387599304318428,5930
"Christian Arroyo","- - -",54,,0.008918897408875637,,0.008918897408875637,16434
"Ramón Rosso","PHI",,9.6666,0,0.007677183952182531,0.007677183952182531,20368
"Brandon Leibrandt","MIA",,9,0,0.0072742002084851265,0.0072742002084851265,16135
"James Norwood","CHC",,1.6665999999999999,0,0.00716098677366972,0.00716098677366972,16440
"Sam Freeman","WSN",,5,0,0.007007707376033068,0.007007707376033068,6832
"Kelvin Gutiérrez","KCR",12,,0.006567193660885096,,0.006567193660885096,17468
"Jace Fry","CHW",,19.6666,0,0.00655241496860981,0.00655241496860981,16159
"Taylor Clarke","ARI",,43.3333,0,0.005268453620374203,0.005268453620374203,17611
"Jahmai Jones","LAA",7,,0.00490928627550602,,0.00490928627550602,18872
"Ray Black","MIL",,3,0,0.004040110390633345,0.004040110390633345,14244
"Matt Strahm","SDP",,20.6666,0,0.004023815970867872,0.004023815970867872,13799
"Danny Coulombe","MIN",,2.6666,0,0.003914548549801111,0.003914548549801111,13293
"Austin Adams","SDP",1,4,0.0007419310277327895,0.002897929400205612,0.0036398604279384017,13801
"Ji Man Choi","TBR",145,,0.003574652597308159,,0.003574652597308159,5452
"Rico Garcia","SFG",,10,0,0.0035471348091959953,0.0035471348091959953,20023
"Jacob Waguespack","TOR",,17.6666,0,0.003520913189277053,0.003520913189277053,18318
"Deivy Grullón","BOS",4,,0.0026725255884230137,,0.0026725255884230137,15988
"Justin Williams","STL",6,,0.002638888079673052,,0.002638888079673052,15490
"Zach McKinstry","LAD",7,,0.0023153284564614296,,0.0023153284564614296,19392
"Jonathan Lucroy","BOS",,,0.0021574818529188633,,0.0021574818529188633,7870
"Estevan Florial","NYY",3,,0.0018635524902492762,,0.0018635524902492762,19151
"Wilmer Font","TOR",,16.3333,0,0.0017780779162421823,0.0017780779162421823,5257
"Huascar Ynoa","ATL",,21.6666,0,0.0006035746773704886,0.0006035746773704886,20468
"Jesse Biddle","CIN",,0.6666,0,0.0005463775596581399,0.0005463775596581399,11437
"Ian Miller","CHC",,,0,,0,15156
"Luke Bard","LAA",,5.3333,0,-0.00031500335899181664,-0.00031500335899181664,14288
"Kodi Whitley","STL",,4.6666,0,-0.000547545962035656,-0.000547545962035656,19731
"René Rivera","NYM",4,,-0.0013603924307972193,,-0.0013603924307972193,3648
"Nick Neidert","MIA",,8.3333,0,-0.001393724698573351,-0.001393724698573351,18699
"Demarcus Evans","TEX",,4,0,-0.0014619191642850637,-0.0014619191642850637,21087
"Alex Wood","LAD",,12.6666,0,-0.0026663029566407204,-0.0026663029566407204,13781
"Andrew Chafin","- - -",,9.666599999999999,0,-0.0034637078642845154,-0.0034637078642845154,12988
"Phil Bickford","MIL",,1,0,-0.004538453184068203,-0.004538453184068203,18519
"Andrew Susac","PIT",4,,-0.004684459883719683,,-0.004684459883719683,13132
"Taylor Guilbeau","SEA",,7.6666,0,-0.0051957592368125916,-0.0051957592368125916,18306
"Colin Rea","CHC",,14,0,-0.008158293552696705,-0.008158293552696705,12317
"Ljay Newsome","SEA",,15.6666,0,-0.008736190386116505,-0.008736190386116505,19942
"Ian Hamilton","CHW",,4,0,-0.00898798182606697,-0.00898798182606697,19261
"Luis Alexander Basabe","SFG",18,,-0.009139409288764,,-0.009139409288764,17839
"Justin Verlander","HOU",,6,0,-0.00915464200079441,-0.00915464200079441,8700
"Chris Owings","COL",44,,-0.009304828941822052,,-0.009304828941822052,10030
"José Rodríguez","LAA",,1.6665999999999999,0,-0.009331956505775452,-0.009331956505775452,17860
"Andrew Young","ARI",34,,-0.009583885781466961,,-0.009583885781466961,19521
"Terrance Gore","LAD",,,-0.010339354164898396,,-0.010339354164898396,13658
"Cory Gearrin","MIN",,2,0,-0.010633112862706184,-0.010633112862706184,7947
"Joel Payamps","ARI",,3,0,-0.011174727231264114,-0.011174727231264114,14332
"John Nogowski","STL",4,,-0.012141876854002476,,-0.012141876854002476,16852
"Mauricio Llovera","PHI",,1,0,-0.012458869256079197,-0.012458869256079197,20080
"Rob Brantly","SFG",3,,-0.012889421544969082,,-0.012889421544969082,10655
"Mike Montgomery","KCR",,5.3333,0,-0.013899185694754124,-0.013899185694754124,4869
"David Hess","BAL",,7,0,-0.014117949642241001,-0.014117949642241001,16130
"Ryne Harper","WSN",,23.6666,0,-0.014652694575488567,-0.014652694575488567,12680
"Nick Heath","KCR",18,,-0.015084079466760159,,-0.015084079466760159,19577
"Nabil Crismatt","STL",,8.3333,0,-0.015318069607019424,-0.015318069607019424,17732
"Brian Goodwin","- - -",164,,-0.016905486583709717,,-0.016905486583709717,12858
"Jaylin Davis","SFG",12,,-0.017064310610294342,,-0.017064310610294342,19552
"Hernán Pérez","CHC",6,,-0.018027080222964287,,-0.018027080222964287,5751
"Aaron Whitefield","MIN",1,,-0.018986545503139496,,-0.018986545503139496,19938
"Tyler Lyons","NYY",,1.6665999999999999,0,-0.020475704222917557,-0.020475704222917557,11334
"Cole Irvin","PHI",,3.6666,0,-0.020542152225971222,-0.020542152225971222,19244
"Tommy Doyle","COL",,2.3333,0,-0.020642055198550224,-0.020642055198550224,21281
"Cheslor Cuthbert","CHW",1,,-0.021040230989456177,,-0.021040230989456177,10473
"Keynan Middleton","LAA",,12,0,-0.02107340097427368,-0.02107340097427368,15264
"Luke Farrell","TEX",,5.3333,0,-0.021332869306206703,-0.021332869306206703,15101
"Justin Upton","LAA",166,,-0.022503621876239777,,-0.022503621876239777,5222
"José Briceño","LAA",6,,-0.023951856419444084,,-0.023951856419444084,13151
"Aaron Barrett","WSN",,1.6665999999999999,0,-0.024019531905651093,-0.024019531905651093,11243
"Cy Sneed","HOU",,17.3333,0,-0.02430904656648636,-0.02430904656648636,16106
"Scott Schebler","ATL",1,,-0.0245111845433712,,-0.0245111845433712,12225
"Jordan Holloway","MIA",,0.3333,0,-0.024996325373649597,-0.024996325373649597,20631
"Brian Moran","- - -",,4.6666,0,-0.02511274814605713,-0.02511274814605713,9646
"Cristian Pache","ATL",4,,-0.025958510115742683,,-0.025958510115742683,19948
"Casey Sadler","- - -",,19.3333,0,-0.028351113200187683,-0.028351113200187683,11209
"Shin-Soo Choo","TEX",127,,-0.028861677274107933,,-0.028861677274107933,3174
"Miguel Yajure","NYY",,7,0,-0.029753051698207855,-0.029753051698207855,21111
"Spencer Howard","PHI",,24.3333,0,-0.029816873371601105,-0.029816873371601105,23252
"Pavin Smith","ARI",44,,-0.02986769564449787,,-0.02986769564449787,19892
"Thomas Eshelman","BAL",,34.6666,0,-0.02996661886572838,-0.02996661886572838,18361
"Seth Frankoff","SEA",,2.6666,0,-0.030385546386241913,-0.030385546386241913,11346
"Chris Devenski","HOU",,3.6666,0,-0.030519653111696243,-0.030519653111696243,12763
"Dellin Betances","NYM",,11.6666,0,-0.0314205139875412,-0.0314205139875412,6216
"Phillip Ervin","- - -",89,,-0.031617000699043274,,-0.031617000699043274,14738
"Kirby Yates","SDP",,4.3333,0,-0.03193672001361847,-0.03193672001361847,9073
"Domingo Tapia","BOS",,4.3333,0,-0.03208112716674805,-0.03208112716674805,12178
"Yermín Mercedes","CHW",1,,-0.032334066927433014,,-0.032334066927433014,17423
"Aristides Aquino","CIN",56,,-0.032533202320337296,,-0.032533202320337296,15482
"Brailyn Marquez","CHC",,0.6666,0,-0.03267073631286621,-0.03267073631286621,21896
"Adam Morgan","PHI",,13,0,-0.032771944999694824,-0.032771944999694824,12580
"Drew Rasmussen","MIL",,15.3333,0,-0.03304562345147133,-0.03304562345147133,25385
"Andrew McCutchen","PHI",241,,-0.03324491158127785,,-0.03324491158127785,9847
"Jorge Bonifacio","DET",94,,-0.03455492854118347,,-0.03455492854118347,12174
"Jake Noll","WSN",17,,-0.03489223122596741,,-0.03489223122596741,19703
"Ryan Meisinger","STL",,2.6666,0,-0.0349193699657917,-0.0349193699657917,18105
"Luis García","TEX",,8.3333,0,-0.034995146095752716,-0.034995146095752716,6984
"Brandon Bailey","HOU",,7.3333,0,-0.0354289747774601,-0.0354289747774601,19582
"Daniel Ponce de Leon","STL",,32.6666,0,-0.035971201956272125,-0.035971201956272125,16110
"Max Schrock","STL",17,1,-0.054451171308755875,0.01835428550839424,-0.03609688580036163,17750
"Brad Boxberger","MIA",,18,0,-0.037353768944740295,-0.037353768944740295,10133
"Dany Jiménez","SFG",,1.3333,0,-0.0380818173289299,-0.0380818173289299,21170
"Josh Sborz","LAD",,4.3333,0,-0.0385759212076664,-0.0385759212076664,18323
"Connor Brogdon","PHI",,11.3333,-0.010506117716431618,-0.02979939617216587,-0.04030551388859749,21205
"Ronald Torreyes","PHI",7,,-0.040501125156879425,,-0.040501125156879425,11400
"Duane Underwood Jr.","CHC",,20.6666,0,-0.040949705988168716,-0.040949705988168716,14677
"Nomar Mazara","CHW",149,,-0.04174491763114929,,-0.04174491763114929,14553
"Joe Mantiply","ARI",,2.3333,0,-0.04191887751221657,-0.04191887751221657,14857
"Sam Coonrod","SFG",,14.6666,0,-0.04192664101719856,-0.04192664101719856,17264
"Jimmy Herget","TEX",,19.6666,0,-0.04232006147503853,-0.04232006147503853,17556
"Gabe Speier","KCR",,5.6666,0,-0.04232100769877434,-0.04232100769877434,17170
"Chase De Jong","HOU",,7.3333,0,-0.04248197004199028,-0.04248197004199028,15036
"Jordy Mercer","- - -",22,,-0.042566207237541676,,-0.042566207237541676,6547
"Cody Carroll","BAL",,2,0,-0.04292330518364906,-0.04292330518364906,17664
"Gio González","CHW",,31.6666,0,-0.04548109322786331,-0.04548109322786331,7448
"Ryan Weber","BOS",,43,0,-0.04555786773562431,-0.04555786773562431,10160
"Patrick Wisdom","CHC",2,,-0.04573633149266243,,-0.04573633149266243,13602
"Diego Castillo","TBR",,21.6666,0,-0.04640234261751175,-0.04640234261751175,17496
"Logan Allen","CLE",,10.6666,0,-0.04698416590690613,-0.04698416590690613,18555
"Austin Brice","BOS",,19.6666,0,-0.04835331439971924,-0.04835331439971924,17237
"Jake Odorizzi","MIN",,13.6666,0,-0.048907507210969925,-0.048907507210969925,6397
"Dillon Maples","CHC",,1,0,-0.048961810767650604,-0.048961810767650604,14672
"Travis Shaw","TOR",180,,-0.04996500164270401,,-0.04996500164270401,11982
"Dakota Bacus","WSN",,11.3333,0,-0.05031127855181694,-0.05031127855181694,14545
"Daniel Mengden","OAK",,12.3333,0,-0.05052537843585014,-0.05052537843585014,16980
"Jimmy Yacabonis","SEA",,2.3333,0,-0.052757978439331055,-0.052757978439331055,15157
"Jeffrey Springs","BOS",,20.3333,0,-0.05326933413743973,-0.05326933413743973,17677
"Seth Elledge","STL",,11.6666,0,-0.053846269845962524,-0.053846269845962524,19766
"Anthony DeSclafani","CIN",,33.6666,0,-0.05449938401579857,-0.05449938401579857,13050
"Johan Quezada","MIA",,3,0,-0.054683882743120193,-0.054683882743120193,20643
"Andrew Knizner","STL",17,,-0.05513828247785568,,-0.05513828247785568,19514
"Ian Gibaut","TEX",,12.3333,0,-0.05560688301920891,-0.05560688301920891,17871
"Evan White","SEA",202,,-0.05613933876156807,,-0.05613933876156807,20078
"Junior Fernández","STL",,3,0,-0.05626879632472992,-0.05626879632472992,18496
"Génesis Cabrera","STL",,22.3333,0,-0.05770730972290039,-0.05770730972290039,17490
"Wade LeBlanc","BAL",,22.3333,0,-0.05919336900115013,-0.05919336900115013,5221
"Luis Patiño","SDP",,17.3333,0,-0.05934526026248932,-0.05934526026248932,22815
"José Ureña","MIA",,23.3333,0,-0.059588558971881866,-0.059588558971881866,11589
"Matthew Boyd","DET",,60.3333,0,-0.06015752628445625,-0.06015752628445625,15440
"Humberto Castellanos","HOU",,10.6666,0,-0.060894157737493515,-0.060894157737493515,21183
"Matt Shoemaker","TOR",,28.6666,0,-0.06224900111556053,-0.06224900111556053,4776
"Ty Buttrey","LAA",,26.3333,0,-0.06306426972150803,-0.06306426972150803,14719
"Dawel Lugo","DET",11,,-0.06332668662071228,,-0.06332668662071228,14713
"Albert Pujols","LAA",163,,-0.06356260925531387,,-0.06356260925531387,1177
"Anthony Castro","DET",,1,0,-0.06371377408504486,-0.06371377408504486,19789
"Anthony Alford","- - -",29,,-0.0640390021726489,,-0.0640390021726489,14329
"Caleb Joseph","TOR",9,,-0.06430133432149887,,-0.06430133432149887,7087
"Matt Wieters","STL",41,,-0.06716230511665344,,-0.06716230511665344,4298
"Luis González","CHW",2,,-0.06729064881801605,,-0.06729064881801605,20332
"José Quijada","LAA",,3.6666,0,-0.06802559643983841,-0.06802559643983841,19200
"Cody Reed","- - -",,11.9999,0,-0.06896312162280083,-0.06896312162280083,15232
"Tommy Pham","SDP",125,,-0.06940718740224838,,-0.06940718740224838,2967
"Angel Perdomo","MIL",,2.6666,0,-0.0701201856136322,-0.0701201856136322,17759
"Pedro Strop","CIN",,2.3333,0,-0.0705888643860817,-0.0705888643860817,4070
"John King","TEX",,10.3333,0,-0.07140863686800003,-0.07140863686800003,22051
"Asher Wojciechowski","BAL",,37,0,-0.07218888401985168,-0.07218888401985168,10836
"Travis Bergen","- - -",,8.3332,0,-0.07268992066383362,-0.07268992066383362,18581
"Silvino Bracho","ARI",,1,0,-0.07321789115667343,-0.07321789115667343,15051
"Kyle Nelson","CLE",,0.6666,0,-0.07425633072853088,-0.07425633072853088,20515
"Dylan Carlson","STL",119,,-0.07474728673696518,,-0.07474728673696518,20126
"Patrick Weigel","ATL",,0.6666,0,-0.07576902210712433,-0.07576902210712433,17792
"Reggie McClain","PHI",,5.3333,0,-0.0760006532073021,-0.0760006532073021,19311
"Garrett Cleavinger","PHI",,0.6666,0,-0.0768556296825409,-0.0768556296825409,17897
"Keone Kela","PIT",,2,0,-0.07736088335514069,-0.07736088335514069,14696
"Charlie Culberson","ATL",7,0.3333,-0.08098120987415314,0.003540890058502555,-0.07744031981565058,3298
"Kevin McCarthy","KCR",,6,0,-0.0781155601143837,-0.0781155601143837,15240
"Luis Perdomo","SDP",,17.3333,0,-0.07817809283733368,-0.07817809283733368,14682
"Matt Barnes","BOS",,23,0,-0.07829433679580688,-0.07829433679580688,12863
"Dominic Leone","CLE",,9.6666,0,-0.0784807801246643,-0.0784807801246643,13763
"Andrew Suárez","SFG",,9.6666,0,-0.0785510465502739,-0.0785510465502739,18300
"Carlos Sanabria","HOU",,2,0,-0.0796424001455307,-0.0796424001455307,16634
"Richard Lovelady","KCR",,1,0,-0.07989449799060822,-0.07989449799060822,19337
"Conner Menez","SFG",,11.3333,0,-0.08017374575138092,-0.08017374575138092,19199
"Nick Mears","PIT",,5,0,-0.08048339933156967,-0.08048339933156967,25376
"Drew Smith","NYM",,7,0,-0.0815201923251152,-0.0815201923251152,17755
"Phillip Diehl","COL",,6,0,-0.08162445574998856,-0.08162445574998856,20030
"Adolis García","TEX",7,,-0.08217193931341171,,-0.08217193931341171,19287
"Donovan Walton","SEA",14,,-0.08274789899587631,,-0.08274789899587631,19314
"Michael Hermosillo","LAA",10,,-0.08336230367422104,,-0.08336230367422104,16285
"Jonathan Holder","NYY",,21.6666,0,-0.08352019637823105,-0.08352019637823105,16588
"Rougned Odor","TEX",148,,-0.08391699194908142,,-0.08391699194908142,12282
"Yadiel Rivera","TEX",5,,-0.08396439254283905,,-0.08396439254283905,11863
"Hector Perez","TOR",,1.6665999999999999,0,-0.08403448015451431,-0.08403448015451431,18592
"Ryan Cordell","NYM",8,,-0.08425774425268173,,-0.08425774425268173,15181
"Joey Rickard","SFG",6,,-0.08528239279985428,,-0.08528239279985428,13277
"Dilson Herrera","BAL",6,,-0.08533940464258194,,-0.08533940464258194,14335
"Joe Biagini","HOU",,4.3333,0,-0.08540321886539459,-0.08540321886539459,13194
"David McKay","DET",,0.3333,0,-0.08559593558311462,-0.08559593558311462,19814
"Mychal Givens","- - -",,22.3333,0,-0.08561822772026062,-0.08561822772026062,10430
"Antonio Santos","COL",,6,0,-0.08589890599250793,-0.08589890599250793,20383
"Joe Palumbo","TEX",,2.3333,0,-0.08602537959814072,-0.08602537959814072,17035
"Anthony Kay","TOR",,21,0,-0.08662410080432892,-0.08662410080432892,20387
"Brett Martin","TEX",,14.6666,0,-0.08714127540588379,-0.08714127540588379,17369
"Kelvin Herrera","CHW",,2.3333,0,-0.08849088102579117,-0.08849088102579117,6033
"Jose Altuve","HOU",210,,-0.08897768706083298,,-0.08897768706083298,5417
"Seth Romero","WSN",,2.6666,0,-0.09154623746871948,-0.09154623746871948,21333
"Austin Hedges","- - -",83,,-0.0918140159919858,,-0.0918140159919858,12976
"Nick Senzel","CIN",78,,-0.09261874109506607,,-0.09261874109506607,19293
"Dan Winkler","CHC",,18.3333,0,-0.09261881560087204,-0.09261881560087204,12237
"Rex Brothers","CHC",,3.3333,0,-0.09367268532514572,-0.09367268532514572,9794
"Ramón Urías","BAL",27,,-0.09416184574365616,,-0.09416184574365616,18795
"José Peraza","BOS",120,0.3333,-0.09778256714344025,0.0034047882072627544,-0.09437777893617749,13593
"Elias Díaz","COL",73,,-0.09500522166490555,,-0.09500522166490555,11680
"Will Craig","PIT",4,,-0.09540412575006485,,-0.09540412575006485,19267
"Jhoulys Chacín","ATL",,5,0,-0.0956105962395668,-0.0956105962395668,2608
"Caleb Smith","- - -",,14,0,-0.0957055352628231,-0.0957055352628231,14875
"Jay Bruce","PHI",103,,-0.09616383165121078,,-0.09616383165121078,9892
"Sandy León","CLE",81,,-0.09622520953416824,,-0.09622520953416824,5273
"José Alvarado","TBR",,9,0,-0.09655934572219849,-0.09655934572219849,17780
"Juan Nicasio","TEX",,1.3333,0,-0.09737216681241989,-0.09737216681241989,7731
"Joel Kuhnel","CIN",,3,0,-0.09759777039289474,-0.09759777039289474,19995
"Hunter Harvey","BAL",,8.6666,0,-0.09786802530288696,-0.09786802530288696,15507
"Bruce Zimmermann","BAL",,7,0,-0.09902268648147583,-0.09902268648147583,20370
"Jason Martin","PIT",11,,-0.09918288141489029,,-0.09918288141489029,16429
"Trevor Kelley","PHI",,3.3333,0,-0.09938694536685944,-0.09938694536685944,18454
"José De León","CIN",,6,0,-0.09994801878929138,-0.09994801878929138,15463
"Matt Kemp","COL",132,,-0.10022030770778656,,-0.10022030770778656,5631
"Michael Feliz","PIT",,1.6665999999999999,0,-0.10035838931798935,-0.10035838931798935,11903
"Sam Gaviglio","TOR",,3,0,-0.10094043612480164,-0.10094043612480164,12778
"Mark Payton","CIN",20,,-0.10143730044364929,,-0.10143730044364929,16042
"Geoff Hartlieb","PIT",,22.3333,0,-0.1022820994257927,-0.1022820994257927,19558
"Yuli Gurriel","HOU",230,,-0.10240162909030914,,-0.10240162909030914,19198
"Josh D. Smith","MIA",,1.6665999999999999,0,-0.10324625670909882,-0.10324625670909882,13629
"Emilio Bonifácio","WSN",3,,-0.10336373746395111,,-0.10336373746395111,4054
"Harold Ramírez","MIA",11,,-0.10345637053251266,,-0.10345637053251266,14387
"Ali Sánchez","NYM",10,,-0.10498322546482086,,-0.10498322546482086,18551
"Luis Avilán","NYY",,8.3333,0,-0.10582782328128815,-0.10582782328128815,2882
"Ryon Healy","MIL",7,,-0.10618387162685394,,-0.10618387162685394,15447
"Chris Rusin","ATL",,3.3333,0,-0.10657040774822235,-0.10657040774822235,9895
"Brad Wieck","CHC",,1,0,-0.10734960436820984,-0.10734960436820984,16390
"Rob Refsnyder","TEX",34,,-0.1075475886464119,,-0.1075475886464119,13770
"Monte Harrison","MIA",51,,-0.10810311883687973,,-0.10810311883687973,17216
"Matt Grace","ARI",,1,0,-0.10854767262935638,-0.10854767262935638,11449
"Danny Santana","TEX",63,,-0.10883570462465286,,-0.10883570462465286,10322
"Ricardo Sánchez","STL",,5.3333,0,-0.10939401388168335,-0.10939401388168335,17581
"Steven Souza Jr.","CHC",31,,-0.11113563179969788,,-0.11113563179969788,5667
"Nick Ramirez","DET",,10.6666,0,-0.11132810264825821,-0.11132810264825821,12575
"Derek Fisher","TOR",39,,-0.11209012567996979,,-0.11209012567996979,16192
"Seth Brown","OAK",5,,-0.11225195229053497,,-0.11225195229053497,18171
"David Phelps","- - -",,20.6666,0,-0.11259976029396057,-0.11259976029396057,6316
"Jeurys Familia","NYM",,26.6666,0,-0.11263100057840347,-0.11263100057840347,5114
"Eric Haase","DET",19,,-0.11315350234508514,,-0.11315350234508514,14111
"Sergio Alcántara","DET",23,,-0.11316660791635513,,-0.11316660791635513,16417
"Jared Oliva","PIT",16,,-0.11404775083065033,,-0.11404775083065033,19968
"Jonah Heim","OAK",41,,-0.11465591937303543,,-0.11465591937303543,16930
"Matt Beaty","LAD",54,,-0.11604685336351395,,-0.11604685336351395,17710
"Tarik Skubal","DET",,32,0,-0.11705457419157028,-0.11705457419157028,22267
"Edwar Colina","MIN",,0.3333,0,-0.1170615702867508,-0.1170615702867508,20589
"Victor Robles","WSN",189,,-0.11731820553541183,,-0.11731820553541183,18363
"AJ Ramos","COL",,2.6666,0,-0.11972521245479584,-0.11972521245479584,8350
"Mickey Moniak","PHI",18,,-0.12282408028841019,,-0.12282408028841019,19956
"Ben Heller","NYY",,6,0,-0.12284314632415771,-0.12284314632415771,15100
"Braden Bishop","SEA",34,,-0.12348447740077972,,-0.12348447740077972,17806
"Yoenis Cespedes","NYM",34,,-0.12412429600954056,,-0.12412429600954056,13110
"Brooks Kriske","NYY",,3.6666,0,-0.1256048083305359,-0.1256048083305359,21189
"Oliver Drake","TBR",,11,0,-0.12581568956375122,-0.12581568956375122,8823
"Greg Garcia","SDP",71,,-0.12600480020046234,,-0.12600480020046234,10951
"Aaron Fletcher","SEA",,4.3333,0,-0.12646779417991638,-0.12646779417991638,22052
"Sean Rodríguez","MIA",13,,-0.12709267437458038,,-0.12709267437458038,6589
"Brandon Brennan","SEA",,7.3333,0,-0.12728990614414215,-0.12728990614414215,13527
"Michael A. Taylor","WSN",99,,-0.12741266191005707,,-0.12741266191005707,11489
"Nate Jones","CIN",,18.6666,0,-0.12756362557411194,-0.12756362557411194,4696
"Adeiny Hechavarría","ATL",63,,-0.12817195057868958,,-0.12817195057868958,10459
"Jorge Mateo","SDP",28,,-0.12892964482307434,,-0.12892964482307434,17273
"John Ryan Murphy","PIT",63,1,-0.13928477466106415,0.007673399057239294,-0.13161137560382485,10346
"Adrian Morejon","SDP",,19.3333,0,-0.13295091688632965,-0.13295091688632965,20039
"Khris Davis","OAK",99,,-0.13409650325775146,,-0.13409650325775146,9112
"Josh Reddick","HOU",210,,-0.1346769630908966,,-0.1346769630908966,3892
"Paul Sewald","NYM",,6,0,-0.13484814763069153,-0.13484814763069153,13892
"Ranger Suárez","PHI",,4,0,-0.1349811851978302,-0.1349811851978302,17277
"Travis Jankowski","CIN",17,,-0.1353076994419098,,-0.1353076994419098,13768
"Hunter Renfroe","TBR",139,,-0.13657929003238678,,-0.13657929003238678,15464
"Tyson Miller","CHC",,5,0,-0.13685747981071472,-0.13685747981071472,19976
"Bryan Abreu","HOU",,3.3333,0,-0.13716867566108704,-0.13716867566108704,16609
"Jordan Lyles","TEX",,57.6666,0,-0.13885988295078278,-0.13885988295078278,7593
"Randy Rosario","KCR",,3.3333,0,-0.13910509645938873,-0.13910509645938873,14508
"Albert Almora Jr.","CHC",34,,-0.13929319381713867,,-0.13929319381713867,14109
"Brett Eibner","MIA",,3.3333,0,-0.14005345106124878,-0.14005345106124878,11369
"Derek Hill","DET",12,,-0.14228859543800354,,-0.14228859543800354,16947
"Dillon Peters","LAA",,1.6665999999999999,0,-0.14350132644176483,-0.14350132644176483,18790
"Joc Pederson","LAD",138,,-0.14382930099964142,,-0.14382930099964142,11899
"Cam Hill","CLE",,18.3333,0,-0.1440376192331314,-0.1440376192331314,16840
"Jared Hughes","NYM",,22.3333,0,-0.145578071475029,-0.145578071475029,9325
"Hansel Robles","LAA",,16.6666,0,-0.145589217543602,-0.145589217543602,11801
"Chase Anderson","TOR",,33.6666,0,-0.14617310464382172,-0.14617310464382172,6895
"Garrett Stubbs","HOU",10,,-0.147915318608284,,-0.147915318608284,18067
"Eric Sogard","MIL",128,,-0.14932148158550262,,-0.14932148158550262,7927
"Humberto Mejía","MIA",,10,0,-0.15088431537151337,-0.15088431537151337,20739
"James Kaprielian","OAK",,3.6666,0,-0.15135569870471954,-0.15135569870471954,18331
"Luis Torrens","- - -",78,,-0.15174811333417892,,-0.15174811333417892,15905
"Carlos Estévez","COL",,24,0,-0.15250226855278015,-0.15250226855278015,14542
"Carlos Hernández","KCR",,14.6666,0,-0.15259329974651337,-0.15259329974651337,22713
"José Osuna","PIT",82,,-0.15271788835525513,,-0.15271788835525513,12937
"Joe Hudson","SEA",20,,-0.15360182523727417,,-0.15360182523727417,14412
"Kyle Wright","ATL",,38,0,-0.15462236106395721,-0.15462236106395721,19665
"Jakob Junis","KCR",,25.3333,0,-0.15583737194538116,-0.15583737194538116,13619
"J.P. Feyereisen","MIL",,9.3333,0,-0.15627078711986542,-0.15627078711986542,16610
"Dovydas Neverauskas","PIT",,19,0,-0.15711179375648499,-0.15711179375648499,11604
"Shaun Anderson","SFG",,15.3333,0,-0.15752653777599335,-0.15752653777599335,19453
"James Bourque","WSN",,4,0,-0.15806452929973602,-0.15806452929973602,16668
"Eric Lauer","MIL",,11,0,-0.15834453701972961,-0.15834453701972961,19316
"Iván Nova","DET",,19,0,-0.16136731207370758,-0.16136731207370758,1994
"Abraham Almonte","SDP",13,,-0.16137650609016418,,-0.16137650609016418,5486
"Yadiel Hernandez","WSN",28,,-0.1620681881904602,,-0.1620681881904602,19334
"Nick Nelson","NYY",,20.6666,0,-0.16246509552001953,-0.16246509552001953,20153
"Tucker Davidson","ATL",,1.6665999999999999,0,-0.16466277837753296,-0.16466277837753296,19871
"Ashton Goudeau","COL",,8.3333,0,-0.16489432752132416,-0.16489432752132416,15139
"Sterling Sharp","MIA",,5.3333,0,-0.16560102999210358,-0.16560102999210358,19671
"Steve Cishek","CHW",,20,0,-0.16574713587760925,-0.16574713587760925,6483
"Anthony Banda","TBR",,7,0,-0.16625218093395233,-0.16625218093395233,14706
"Tyler Bashlor","PIT",,8.3333,0,-0.16634982824325562,-0.16634982824325562,15203
"Brian Dozier","NYM",16,,-0.16640186309814453,,-0.16640186309814453,9810
"Tyler Alexander","DET",,36.3333,0,-0.16944265365600586,-0.16944265365600586,17735
"Jake Fraley","SEA",29,,-0.1697315126657486,,-0.1697315126657486,19260
"Matt Thaiss","LAA",25,,-0.17072857916355133,,-0.17072857916355133,19318
"Yoshihisa Hirano","SEA",,12.3333,0,-0.17091532051563263,-0.17091532051563263,19756
"Kyle Funkhouser","DET",,17.3333,0,-0.17114974558353424,-0.17114974558353424,19456
"Brandon Kintzler","MIA",,24.3333,0,-0.17123039066791534,-0.17123039066791534,9939
"Domingo Santana","CLE",84,,-0.1717086285352707,,-0.1717086285352707,10348
"Shohei Ohtani","LAA",175,1.6665999999999999,-0.03605332598090172,-0.13858573138713837,-0.17463905736804008,19755
"Meibrys Viloria","KCR",24,,-0.17598029971122742,,-0.17598029971122742,17109
"Bryan Shaw","SEA",,6,0,-0.17641706764698029,-0.17641706764698029,8110
"Jake Lamb","- - -",99,,-0.17710766196250916,,-0.17710766196250916,13329
"Patrick Sandoval","LAA",,36.6666,0,-0.17815694212913513,-0.17815694212913513,19447
"Neil Walker","PHI",41,0.6666,-0.17955508828163147,0.0003857079427689314,-0.17916938033886254,7539
"Nick Goody","TEX",,11,0,-0.18378347158432007,-0.18378347158432007,13685
"Eddy Alvarez","MIA",41,,-0.1842578500509262,,-0.1842578500509262,16959
"Justin Shafer","MIA",,5.6666,0,-0.18524746596813202,-0.18524746596813202,16132
"Brandon Dixon","DET",14,,-0.18691696226596832,,-0.18691696226596832,15214
"Nicky Delmonico","CHW",22,,-0.18848951160907745,,-0.18848951160907745,13157
"Josh Taylor","BOS",,7.3333,0,-0.19088339805603027,-0.19088339805603027,17359
"Ryne Stanek","MIA",,10,0,-0.19097842276096344,-0.19097842276096344,15947
"Josh Osich","- - -",,18.3332,0,-0.19140616059303284,-0.19140616059303284,11528
"Dennis Santana","LAD",,17,0,-0.19314026832580566,-0.19314026832580566,17878
"Bobby Wahl","MIL",,2.3333,0,-0.19387052953243256,-0.19387052953243256,14832
"Adam Haseley","PHI",92,,-0.19422496855258942,,-0.19422496855258942,19878
"Isan Díaz","MIA",22,,-0.1942986249923706,,-0.1942986249923706,17922
"Logan Morrison","MIL",28,,-0.1947278529405594,,-0.1947278529405594,9205
"Beau Burrows","DET",,6.6666,0,-0.19502553343772888,-0.19502553343772888,18873
"Casey Mize","DET",,28.3333,0,-0.19568341970443726,-0.19568341970443726,20492
"Andrew Velazquez","BAL",77,,-0.19663700461387634,,-0.19663700461387634,14196
"Braxton Garrett","MIA",,7.6666,0,-0.19691048562526703,-0.19691048562526703,21844
"Matt Magill","SEA",,10.3333,0,-0.19844383001327515,-0.19844383001327515,3950
"Josh Phegley","CHC",18,,-0.1991453915834427,,-0.1991453915834427,9308
"Albert Abreu","NYY",,1.3333,0,-0.20235905051231384,-0.20235905051231384,17485
"José Suarez","LAA",,2.3333,0,-0.20276598632335663,-0.20276598632335663,19911
"Elvis Andrus","TEX",111,,-0.20350264012813568,,-0.20350264012813568,8709
"Ross Stripling","- - -",,49.333200000000005,0,-0.2040090262889862,-0.2040090262889862,13273
"Austin Voth","WSN",,49.6666,0,-0.2046809047460556,-0.2046809047460556,15047
"Gary Sánchez","NYY",178,,-0.20562908053398132,,-0.20562908053398132,11442
"Taylor Jones","HOU",22,,-0.2057180404663086,,-0.2057180404663086,19533
"Ryan Buchter","LAA",,6,0,-0.20626159012317657,-0.20626159012317657,9456
"Daniel Johnson","CLE",13,,-0.20686081051826477,,-0.20686081051826477,19643
"Matt Reynolds","KCR",11,,-0.20771518349647522,,-0.20771518349647522,13788
"Sean Gilmartin","TBR",,4.3333,0,-0.20871151983737946,-0.20871151983737946,12781
"Alex Young","ARI",,46.3333,0,-0.20898091793060303,-0.20898091793060303,18333
"Ken Giles","TOR",,3.6666,0,-0.209177166223526,-0.209177166223526,12910
"Carter Kieboom","WSN",122,,-0.20979303121566772,,-0.20979303121566772,19958
"Corey Knebel","MIL",,13.3333,0,-0.21001338958740234,-0.21001338958740234,15010
"Jarrod Dyson","- - -",66,,-0.2131233832333237,,-0.2131233832333237,4866
"Drew Anderson","CHW",,1.3333,0,-0.2133277952671051,-0.2133277952671051,15130
"Lewis Brinson","MIA",112,,-0.21345604956150055,,-0.21345604956150055,14352
"Daulton Jefferies","OAK",,2,0,-0.2140844315290451,-0.2140844315290451,19345
"Miguel Del Pozo","PIT",,3.6666,0,-0.21671625971794128,-0.21671625971794128,18792
"Stephen Piscotty","OAK",171,,-0.21767385303974152,,-0.21767385303974152,13367
"James Pazos","COL",,5.3333,0,-0.21863766014575958,-0.21863766014575958,13323
"Zack Burdi","CHW",,7.3333,0,-0.21871358156204224,-0.21871358156204224,19159
"Jazz Chisholm Jr.","MIA",62,,-0.21949192881584167,,-0.21949192881584167,20454
"Vimael Machín","OAK",71,,-0.222003772854805,,-0.222003772854805,17684
"Yohan Ramírez","SEA",,20.6666,0,-0.22366935014724731,-0.22366935014724731,19444
"Yoan López","ARI",,19.6666,0,-0.22384898364543915,-0.22384898364543915,17181
"Howie Kendrick","WSN",100,,-0.22450204193592072,,-0.22450204193592072,4229
"Matt Joyce","MIA",148,,-0.22519436478614807,,-0.22519436478614807,3353
"Travis Demeritte","DET",33,1,-0.11333790421485901,-0.1121382936835289,-0.2254761978983879,15958
"Scott Alexander","LAD",,12.3333,0,-0.22773593664169312,-0.22773593664169312,10591
"Mitch Keller","PIT",,21.6666,0,-0.2286527454853058,-0.2286527454853058,17594
"Sean Newcomb","ATL",,13.6666,0,-0.22976651787757874,-0.22976651787757874,16943
"Dereck Rodríguez","SFG",,4,0,-0.2301262468099594,-0.2301262468099594,14509
"Lane Thomas","STL",40,,-0.23100262880325317,,-0.23100262880325317,16939
"Nick Vincent","MIA",,22.3333,0,-0.23199519515037537,-0.23199519515037537,7555
"Mike Zunino","TBR",84,,-0.23274029791355133,,-0.23274029791355133,13265
"Cody Ponce","PIT",,17,0,-0.23301617801189423,-0.23301617801189423,17920
"Daz Cameron","DET",59,,-0.2332000583410263,,-0.2332000583410263,18353
"Stephen Tarpley","MIA",,11,0,-0.23399317264556885,-0.23399317264556885,15859
"Tyler Zuber","KCR",,22,0,-0.2346460074186325,-0.2346460074186325,20379
"Andrew Triggs","- - -",,8.3333,0,-0.23467577993869781,-0.23467577993869781,13533
"Zack Collins","CHW",18,,-0.2369384616613388,,-0.2369384616613388,19181
"Deolis Guerra","PHI",,7.3333,0,-0.23739126324653625,-0.23739126324653625,8410
"Justin Grimm","MIL",,4.6666,0,-0.23953112959861755,-0.23953112959861755,11720
"Nate Pearson","TOR",,18,0,-0.2403094321489334,-0.2403094321489334,20160
"Carlos Martinez","STL",,20,0,-0.24067816138267517,-0.24067816138267517,11682
"Colten Brewer","BOS",,25.6666,0,-0.24319763481616974,-0.24319763481616974,12997
"Kyle Hart","BOS",,11,0,-0.24352280795574188,-0.24352280795574188,19646
"Bryan Holaday","BAL",33,0.3333,-0.24868236482143402,0.0038099545054137707,-0.24487241031602025,11287
"Rangel Ravelo","STL",41,,-0.24496597051620483,,-0.24496597051620483,10839
"Kevin Ginkel","ARI",,16,0,-0.24508804082870483,-0.24508804082870483,19876
"Wilmer Difo","WSN",18,,-0.24580875039100647,,-0.24580875039100647,14320
"Matt Hall","BOS",,8.6666,0,-0.24774932861328125,-0.24774932861328125,18076
"Beau Taylor","CLE",24,,-0.2478259801864624,,-0.2478259801864624,12384
"Ronald Bolaños","KCR",,3.6666,0,-0.24855540692806244,-0.24855540692806244,20041
"Jonathan Araúz","BOS",80,,-0.24882182478904724,,-0.24882182478904724,20275
"José Mujica","COL",,4.3333,0,-0.24960657954216003,-0.24960657954216003,17821
"Derek Holland","PIT",,40.6666,0,-0.25071337819099426,-0.25071337819099426,4141
"Dustin Garneau","HOU",46,,-0.2510499358177185,,-0.2510499358177185,9433
"Sean Doolittle","WSN",,7.6666,0,-0.25193536281585693,-0.25193536281585693,1581
"Myles Straw","HOU",86,,-0.2527063190937042,,-0.2527063190937042,17620
"Brady Lail","- - -",,16.3333,0,-0.25721669755876064,-0.25721669755876064,14707
"Brad Brach","NYM",,12.3333,-0.010506117716431618,-0.24874472618103027,-0.2592508438974619,6627
"Erick Mejia","KCR",16,,-0.26203492283821106,,-0.26203492283821106,15817
"Nate Orf","OAK",7,,-0.2674921751022339,,-0.2674921751022339,15407
"Lewis Thorpe","MIN",,16.3333,0,-0.2683141529560089,-0.2683141529560089,15906
"Erik Swanson","SEA",,7.6666,0,-0.2705453038215637,-0.2705453038215637,16587
"Robbie Erlin","- - -",,26.666600000000003,0,-0.2710460424423218,-0.2710460424423218,10354
"Erick Fedde","WSN",,50.3333,0,-0.27136075496673584,-0.27136075496673584,17425
"Christian Colón","CIN",24,,-0.27741196751594543,,-0.27741196751594543,11145
"Logan Forsythe","MIA",38,1,-0.27004069089889526,-0.008871043100953102,-0.27891173399984837,7185
"Robert Dugger","MIA",,10.6666,0,-0.28242427110671997,-0.28242427110671997,19191
"Mike Foltynewicz","ATL",,3.3333,0,-0.28306883573532104,-0.28306883573532104,10811
"Eduardo Escobar","ARI",222,,-0.2838992178440094,,-0.2838992178440094,6153
"Jorge Guzmán","MIA",,1,0,-0.2851981520652771,-0.2851981520652771,17505
"Grayson Greiner","DET",55,,-0.28652697801589966,,-0.28652697801589966,17062
"Steven Duggar","SFG",36,,-0.29357630014419556,,-0.29357630014419556,17719
"Isaac Paredes","DET",108,,-0.29413723945617676,,-0.29413723945617676,20036
"Ildemaro Vargas","- - -",54,,-0.2941949740052223,,-0.2941949740052223,13324
"José Marmolejos","SEA",115,,-0.29698461294174194,,-0.29698461294174194,15767
"Michael Pérez","TBR",93,,-0.2988576292991638,,-0.2988576292991638,12977
"Ryan Goins","CHW",10,,-0.30208903551101685,,-0.30208903551101685,9807
"Thairo Estrada","NYY",52,,-0.30750373005867004,,-0.30750373005867004,16426
"Josh James","HOU",,17.3333,0,-0.30936506390571594,-0.30936506390571594,16794
"Jake Woodford","STL",,21,0,-0.3127919137477875,-0.3127919137477875,18674
"Michael Fulmer","DET",,27.6666,0,-0.31527644395828247,-0.31527644395828247,13218
"Josh Rojas","ARI",70,,-0.31576815247535706,,-0.31576815247535706,19734
"Taylor Widener","ARI",,20,0,-0.3163548409938812,-0.3163548409938812,19266
"Justin Dunn","SEA",,45.6666,0,-0.32255908846855164,-0.32255908846855164,19268
"Adam Eaton","WSN",176,,-0.3229038119316101,,-0.3229038119316101,11205
"Andrew Benintendi","BOS",52,,-0.3232977092266083,,-0.3232977092266083,17901
"Dylan Cease","CHW",,58.3333,0,-0.32379359006881714,-0.32379359006881714,18525
"Scott Heineman","TEX",54,,-0.32495567202568054,,-0.32495567202568054,14453
"Franklyn Kilome","NYM",,11.3333,0,-0.3249909579753876,-0.3249909579753876,17861
"Bubba Starling","KCR",64,,-0.32505595684051514,,-0.32505595684051514,13356
"Joe McCarthy","SFG",10,,-0.32617223262786865,,-0.32617223262786865,18399
"Jairo Díaz","COL",,20,0,-0.3278450071811676,-0.3278450071811676,12774
"Matt Davidson","CIN",47,3.3333,-0.28141969442367554,-0.04816869646310806,-0.3295883908867836,7226
"Drew Butera","COL",43,1.6665999999999999,-0.3549453020095825,0.025112634524703026,-0.3298326674848795,3411
"Ryan O'Hearn","KCR",132,,-0.33500444889068604,,-0.33500444889068604,16442
"Christin Stewart","DET",99,,-0.3366668224334717,,-0.3366668224334717,17714
"Lewin Díaz","MIA",41,,-0.3401208221912384,,-0.3401208221912384,18365
"Shed Long Jr.","SEA",128,,-0.3407544195652008,,-0.3407544195652008,16542
"Nivaldo Rodriguez","HOU",,8.6666,0,-0.3424834907054901,-0.3424834907054901,22449
"Mike Kickham","BOS",,14,0,-0.3435896039009094,-0.3435896039009094,11618
"Brock Holt","- - -",106,1.3333,-0.298497773706913,-0.04584367200732231,-0.3443414457142353,9345
"Nick Solak","TEX",233,,-0.34457212686538696,,-0.34457212686538696,19294
"Edward Olivares","- - -",101,,-0.3467131778597832,,-0.3467131778597832,19698
"Jonathan Stiever","CHW",,6.3333,0,-0.3479483425617218,-0.3479483425617218,24584
"Kevin Cron","ARI",20,,-0.3482373058795929,,-0.3482373058795929,16211
"Jorge Alfaro","MIA",100,,-0.3494301438331604,,-0.3494301438331604,12180
"Trevor Williams","PIT",,55.3333,0,-0.3498057425022125,-0.3498057425022125,16977
"Robert Gsellman","NYM",,14,0,-0.350425660610199,-0.350425660610199,13696
"Wade Davis","COL",,4.3333,0,-0.35309845209121704,-0.35309845209121704,7441
"Mitch Garver","MIN",81,,-0.3572274446487427,,-0.3572274446487427,15161
"Robinson Leyer","BOS",,4.6666,0,-0.35725605487823486,-0.35725605487823486,14399
"Kyle Ryan","CHC",,15.6666,0,-0.35980644822120667,-0.35980644822120667,11753
"Ryan Helsley","STL",,12,0,-0.36633509397506714,-0.36633509397506714,18138
"Hoby Milner","LAA",,13.3333,0,-0.37107640504837036,-0.37107640504837036,13346
"Roel Ramírez","STL",,0.6666,0,-0.3711566925048828,-0.3711566925048828,16470
"Josh Bell","PIT",223,,-0.37454015016555786,,-0.37454015016555786,13145
"Chance Sisco","BAL",121,,-0.37603291869163513,,-0.37603291869163513,15694
"Brandon Workman","- - -",,19.6666,0,-0.3772137612104416,-0.3772137612104416,11428
"T.J. McFarland","OAK",,20.6666,0,-0.3811478018760681,-0.3811478018760681,3237
"Eli White","TEX",52,,-0.3844628632068634,,-0.3844628632068634,19346
"Touki Toussaint","ATL",,24.3333,0,-0.38456496596336365,-0.38456496596336365,16929
"Austin Romine","DET",135,,-0.38606977462768555,,-0.38606977462768555,5491
"Miguel Andujar","NYY",65,,-0.38620832562446594,,-0.38620832562446594,15878
"Alex Vesia","MIA",,4.3333,0,-0.3867691457271576,-0.3867691457271576,25007
"Jesús Sánchez","MIA",29,,-0.3953894078731537,,-0.3953894078731537,19913
"Daniel Hudson","WSN",,20.6666,0,-0.3977181613445282,-0.3977181613445282,7146
"Tim Lopes","SEA",151,1,-0.39715421199798584,-0.009756597690284252,-0.4069108096882701,14137
"Mason Williams","BAL",18,,-0.4086008667945862,,-0.4086008667945862,11859
"Edgar García","TBR",,3.3333,0,-0.41346821188926697,-0.41346821188926697,19276
"Matt Adams","ATL",51,,-0.4241980016231537,,-0.4241980016231537,9393
"Pablo Sandoval","- - -",94,,-0.42538935504853725,,-0.42538935504853725,5409
"Brendan Rodgers","COL",21,,-0.4264039993286133,,-0.4264039993286133,17907
"Francisco Mejía","SDP",42,,-0.42802050709724426,,-0.42802050709724426,16403
"Zack Godley","BOS",,28.6666,0,-0.42854398488998413,-0.42854398488998413,14862
"Reynaldo López","CHW",,26.3333,0,-0.4304630756378174,-0.4304630756378174,16400
"Kyle Garlick","PHI",23,,-0.43214553594589233,,-0.43214553594589233,18063
"Joseph Odom","SEA",44,,-0.4327496588230133,,-0.4327496588230133,15535
"Robbie Ray","- - -",,51.6666,0,-0.4342757537961006,-0.4342757537961006,11486
"Héctor Rondón","ARI",,20,0,-0.4345807135105133,-0.4345807135105133,2391
"Zack Littell","MIN",,6.3333,0,-0.4447730779647827,-0.4447730779647827,15823
"Matt Harvey","KCR",,11.6666,0,-0.4455040395259857,-0.4455040395259857,11713
"Rony García","DET",,21,0,-0.4460999369621277,-0.4460999369621277,20430
"Franklin Barreto","- - -",28,,-0.44615039229393005,,-0.44615039229393005,15519
"Luis García Jr.","WSN",139,,-0.44698745012283325,,-0.44698745012283325,20391
"Abraham Toro","HOU",97,,-0.4472116529941559,,-0.4472116529941559,19844
"Josh VanMeter","- - -",79,,-0.44726409018039703,,-0.44726409018039703,15170
"Jon Jay","ARI",57,,-0.449435293674469,,-0.449435293674469,5227
"Kevin Newman","PIT",172,,-0.45255231857299805,,-0.45255231857299805,17696
"Shun Yamaguchi","TOR",,25.6666,0,-0.45610061287879944,-0.45610061287879944,27460
"Dee Strange-Gordon","SEA",82,,-0.4609067142009735,,-0.4609067142009735,8203
"Wil Crowe","WSN",,8.3333,0,-0.4644574224948883,-0.4644574224948883,19800
"Edwin Encarnación","CHW",181,,-0.4652523100376129,,-0.4652523100376129,2151
"Jordan Yamamoto","MIA",,11.3333,0,-0.47350943088531494,-0.47350943088531494,17585
"Jeff Samardzija","SFG",,16.6666,0,-0.4782639145851135,-0.4782639145851135,3254
"Sherten Apostel","TEX",21,,-0.48567068576812744,,-0.48567068576812744,21794
"Dwight Smith Jr.","BAL",72,,-0.48664921522140503,,-0.48664921522140503,13473
"Brandon Bielak","HOU",,32,0,-0.49828702211380005,-0.49828702211380005,19866
"José Barrero","CIN",68,,-0.5014734864234924,,-0.5014734864234924,23378
"Tanner Roark","TOR",,47.6666,0,-0.5015862584114075,-0.5015862584114075,8753
"Brandon Drury","TOR",49,,-0.5104398727416992,,-0.5104398727416992,11615
"Robinson Chirinos","- - -",82,,-0.5120894648134708,,-0.5120894648134708,3142
"Cole Tucker","PIT",116,,-0.5234166383743286,,-0.5234166383743286,17326
"José A. Martínez","- - -",98,,-0.5322001371532679,,-0.5322001371532679,7996
"Jesse Chavez","TEX",,17,0,-0.5442091822624207,-0.5442091822624207,5448
"Justin Smoak","- - -",132,,-0.5463738888502121,,-0.5463738888502121,9054
"Madison Bumgarner","ARI",,41.6666,0,-0.5610583424568176,-0.5610583424568176,5524
"Marcus Walden","BOS",,13.3333,0,-0.561799168586731,-0.561799168586731,8004
"Robert Stephenson","CIN",,10,0,-0.5623366236686707,-0.5623366236686707,13594
"Will Smith","ATL",,16,0,-0.5635323524475098,-0.5635323524475098,8048
"Joe Jiménez","DET",,22.6666,0,-0.567954957485199,-0.567954957485199,15761
"Ian Kennedy","KCR",,14,0,-0.5843998193740845,-0.5843998193740845,6986
"Nestor Cortes","SEA",,7.6666,0,-0.5917043089866638,-0.5917043089866638,17874
"Eric Thames","WSN",140,,-0.6060429811477661,,-0.6060429811477661,3711
"Tony Wolters","COL",109,,-0.6180922389030457,,-0.6180922389030457,11470
"Luis Rengifo","LAA",106,,-0.6316595673561096,,-0.6316595673561096,19858
"Ryan Castellani","COL",,43.3333,0,-0.6387311816215515,-0.6387311816215515,16377
"Tyler Naquin","CLE",141,,-0.6455212831497192,,-0.6455212831497192,13359
"Ender Inciarte","ATL",131,,-0.6595945954322815,,-0.6595945954322815,4922
"J.D. Martinez","BOS",237,,-0.6641726493835449,,-0.6641726493835449,6184
"Steven Matz","NYM",,30.6666,0,-0.6692311763763428,-0.6692311763763428,13361
"Mike Ford","NYY",84,,-0.6750234961509705,,-0.6750234961509705,15585
"Tzu-Wei Lin","BOS",57,1,-0.6265993714332581,-0.056233961135149,-0.6828333325684071,14678
"Reese McGuire","TOR",45,,-0.6905922293663025,,-0.6905922293663025,15674
"Gregory Polanco","PIT",174,,-0.6930188536643982,,-0.6930188536643982,12907
"Hunter Pence","SFG",56,,-0.7086808681488037,,-0.7086808681488037,8252
"Zac Grotz","SEA",,7.3333,0,-0.7088913321495056,-0.7088913321495056,18256
"Mallex Smith","SEA",47,,-0.7324915528297424,,-0.7324915528297424,13608
"Óscar Mercado","CLE",93,,-0.7410099506378174,,-0.7410099506378174,16375
"Heath Hembree","- - -",,18.9999,0,-0.79061877168715,-0.79061877168715,11632
"Chris Davis","BAL",55,,-0.7939216494560242,,-0.7939216494560242,9272
"Michael Chavis","BOS",158,,-0.80140221118927,,-0.80140221118927,17321
"Julio Teheran","LAA",,31.3333,0,-0.8090681433677673,-0.8090681433677673,6797
"Scott Kingery","PHI",124,,-0.9129962921142578,,-0.9129962921142578,17975
"Willie Calhoun","TEX",108,,-0.9382514357566833,,-0.9382514357566833,17838
"Daniel Murphy","COL",132,,-0.942395806312561,,-0.942395806312561,4316
"JT Riddle","PIT",69,,-0.9509108066558838,,-0.9509108066558838,17642
"David Dahl","COL",99,,-0.9761384129524231,,-0.9761384129524231,13744
"Jonathan Villar","- - -",207,,-1.1291043162345886,,-1.1291043162345886,10071
"Trevor Gott","SFG",,11.6666,0,-1.131090760231018,-1.131090760231018,15046
"Jo Adell","LAA",132,,-1.4162715673446655,,-1.4162715673446655,20220